{
  "display": {
    "icon": {
      "id": "minecraft:brown_shulker_box"
    },
    "title": "A Brown Shulker Box?",
    "description": "Open a Filled Mountain Shulker",
    "frame": "task",
    "show_toast": true,
    "announce_to_chat": true,
    "hidden": false
  },
  "parent": "mt:treasure_advancements/first_legendary_mountain_treasure",
  "criteria": {
    "obtainchest": {
      "trigger": "minecraft:player_generates_container_loot",
      "conditions": {
        "loot_table": "mt:chests/mountain_treasure/mineshaft"
      }
    }
  }
}
