{
  "display": {
    "icon": {
      "id": "minecraft:strider_spawn_egg"
    },
    "title": "Hellraiser",
    "description": "Spawn a Super Strider",
    "frame": "task",
    "show_toast": true,
    "announce_to_chat": true,
    "hidden": false
  },
  "parent": "mt:treasure_advancements/first_epic_crimson_treasure",
  "criteria": {
    "requirement": {
      "trigger": "minecraft:using_item",
      "conditions": {
        "item": {
          "predicates": {
  "minecraft:custom_data": "{spawn:\"mt.super_strider\"}"
      }        }
      }
    }
  }
}
