{
  "pools": [
    {
      "rolls": {
        "min": {
          "type": "minecraft:score",
          "target": "this",
          "score": "mt.progression",
          "scale": 0.00002
        },
        "max": {
          "type": "minecraft:score",
          "target": "this",
          "score": "mt.progression",
          "scale": 0.000025
        }
      },
      "bonus_rolls": {
        "min": 1,
        "max": 6
      },
      "entries": [
        {
          "type": "minecraft:loot_table",
          "value": "mt:charms/epic",
          "conditions": [
            {
              "condition": "minecraft:value_check",
              "value": {
                "type": "minecraft:score",
                "target": {
                  "type": "minecraft:fixed",
                  "name": "#disable_epic_charm"
                },
                "score": "mt.constant"
              },
              "range": 0
            },
            {
              "condition": "minecraft:random_chance",
              "chance": 0.035
            }
          ]
        },
        {
          "type": "minecraft:item",
          "weight": 3,
          "name": "minecraft:sponge",
          "functions": [
            {
              "function": "minecraft:set_count",
              "count": {
                "min": 3,
                "max": 6
              }
            }
          ]
        },
        {
          "type": "minecraft:item",
          "weight": 2,
          "name": "minecraft:potion",
          "functions": [
            {
              "function": "minecraft:set_potion",
              "id": "minecraft:long_turtle_master"
            }
          ],
          "conditions": [
            {
              "condition": "minecraft:random_chance",
              "chance": 0.33
            }
          ]
        },
        {
          "type": "minecraft:item",
          "weight": 3,
          "name": "minecraft:guardian_spawn_egg",
          "functions": [
            {
              "function": "minecraft:set_count",
              "count": {
                "min": 1,
                "max": 1
              }
            },
            {
              "function": "minecraft:set_components",
              "components": {
                "minecraft:custom_name": "{\"text\":\"Guardian Spawn Egg\",\"color\":\"gold\",\"italic\":false}",
                "minecraft:lore": [
                  "{\"text\":\"Hint: use this on a spawner.\",\"color\":\"gray\",\"italic\":false}"
                ]
              }
            }
          ],
          "conditions": [
            {
              "condition": "minecraft:entity_scores",
              "entity": "this",
              "scores": {
                "mt.progression": {
                  "min": 600000
                }
              }
            },
            {
              "condition": "minecraft:random_chance",
              "chance": 0.05
            }
          ]
        },
        {
          "type": "minecraft:item",
          "weight": 1,
          "name": "minecraft:trident",
          "functions": [
            {
              "function": "minecraft:set_enchantments",
              "enchantments": {
                "minecraft:riptide": {
                  "min": 1,
                  "max": 4
                }
              },
              "conditions": [
                {
                  "condition": "minecraft:random_chance",
                  "chance": 0.5
                }
              ]
            },
            {
              "function": "minecraft:set_enchantments",
              "enchantments": {
                "minecraft:mending": 1
              },
              "conditions": [
                {
                  "condition": "minecraft:random_chance",
                  "chance": 0.25
                }
              ]
            },
            {
              "function": "minecraft:set_enchantments",
              "enchantments": {
                "minecraft:impaling": {
                  "min": 0,
                  "max": 6
                },
                "minecraft:sharpness": {
                  "min": 0,
                  "max": 3
                },
                "minecraft:unbreaking": {
                  "min": 0,
                  "max": 6
                }
              }
            }
          ],
          "conditions": [
            {
              "condition": "minecraft:entity_scores",
              "entity": "this",
              "scores": {
                "mt.progression": {
                  "min": 400000
                }
              }
            }
          ]
        },
        {
          "type": "minecraft:item",
          "weight": 1,
          "name": "minecraft:trident",
          "functions": [
            {
              "function": "minecraft:set_enchantments",
              "enchantments": {
                "minecraft:loyalty": {
                  "min": 0,
                  "max": 5
                }
              },
              "conditions": [
                {
                  "condition": "minecraft:random_chance",
                  "chance": 0.5
                }
              ]
            },
            {
              "function": "minecraft:set_enchantments",
              "enchantments": {
                "minecraft:mending": 1
              },
              "conditions": [
                {
                  "condition": "minecraft:random_chance",
                  "chance": 0.25
                }
              ]
            },
            {
              "function": "minecraft:set_enchantments",
              "enchantments": {
                "minecraft:impaling": {
                  "min": 0,
                  "max": 6
                },
                "minecraft:channeling": {
                  "min": 0,
                  "max": 1
                },
                "minecraft:unbreaking": {
                  "min": 0,
                  "max": 6
                }
              }
            }
          ],
          "conditions": [
            {
              "condition": "minecraft:entity_scores",
              "entity": "this",
              "scores": {
                "mt.progression": {
                  "min": 350000
                }
              }
            }
          ]
        },
        {
          "type": "minecraft:item",
          "weight": 1,
          "name": "minecraft:fishing_rod",
          "functions": [
            {
              "function": "minecraft:set_enchantments",
              "enchantments": {
                "minecraft:luck_of_the_sea": {
                  "min": 1,
                  "max": 8
                }
              },
              "conditions": [
                {
                  "condition": "minecraft:random_chance",
                  "chance": 0.75
                }
              ]
            },
            {
              "function": "minecraft:set_enchantments",
              "enchantments": {
                "minecraft:mending": 1
              },
              "conditions": [
                {
                  "condition": "minecraft:random_chance",
                  "chance": 0.25
                }
              ]
            },
            {
              "function": "minecraft:set_enchantments",
              "enchantments": {
                "minecraft:lure": {
                  "min": 0,
                  "max": 5
                },
                "minecraft:knockback": {
                  "min": 0,
                  "max": 3
                },
                "minecraft:unbreaking": {
                  "min": 0,
                  "max": 6
                }
              }
            }
          ]
        },
        {
          "type": "minecraft:item",
          "weight": 3,
          "name": "minecraft:tnt",
          "functions": [
            {
              "function": "minecraft:set_count",
              "count": {
                "min": 4,
                "max": 8
              },
              "add": false
            }
          ]
        },
        {
          "type": "minecraft:item",
          "weight": 1,
          "name": "minecraft:enchanted_golden_apple",
          "functions": [
            {
              "function": "minecraft:set_count",
              "count": {
                "type": "minecraft:constant",
                "value": 1
              }
            }
          ]
        },
        {
          "type": "minecraft:item",
          "weight": 2,
          "name": "minecraft:golden_apple",
          "functions": [
            {
              "function": "minecraft:set_count",
              "count": {
                "type": "minecraft:constant",
                "value": 5
              }
            }
          ]
        },
        {
          "type": "minecraft:item",
          "weight": 3,
          "name": "minecraft:cooked_salmon",
          "functions": [
            {
              "function": "minecraft:set_count",
              "count": {
                "type": "minecraft:constant",
                "value": 5
              },
              "add": true
            }
          ]
        },
        {
          "type": "minecraft:item",
          "weight": 3,
          "name": "minecraft:cooked_cod",
          "functions": [
            {
              "function": "minecraft:set_count",
              "count": {
                "type": "minecraft:constant",
                "value": 5
              },
              "add": true
            }
          ]
        },
        {
          "type": "minecraft:item",
          "weight": 3,
          "name": "minecraft:shulker_shell",
          "functions": [
            {
              "function": "minecraft:set_count",
              "count": {
                "min": 2,
                "max": 4
              },
              "add": false
            }
          ],
          "conditions": [
            {
              "condition": "minecraft:entity_scores",
              "entity": "this",
              "scores": {
                "mt.progression": {
                  "min": 320000
                }
              }
            }
          ]
        },
        {
          "type": "minecraft:item",
          "weight": 2,
          "name": "minecraft:globe_banner_pattern",
          "functions": [
            {
              "function": "minecraft:set_count",
              "count": {
                "min": 1,
                "max": 3
              }
            },
            {
              "function": "minecraft:set_name",
              "name": [
                {
                  "text": "Sponge Master",
                  "color": "gold",
                  "italic": false
                }
              ]
            },
            {
              "function": "minecraft:set_lore",
              "lore": [
                {
                  "text": "RUNE",
                  "color": "gold",
                  "bold": true,
                  "italic": false
                },
                {
                  "text": " ",
                  "color": "gray",
                  "italic": false
                },
                {
                  "text": "Ability:",
                  "color": "green",
                  "italic": false
                },
                {
                  "text": "When activated deletes water ",
                  "color": "gray",
                  "italic": false
                },
                {
                  "text": "in a 4x4 area for 10 seconds ",
                  "color": "gray",
                  "italic": false
                }
              ],
               "mode": "replace_all"
            },
            {
              "function": "minecraft:set_components",
              "components": {
                "max_stack_size": 16,
                "minecraft:food": {
                  "nutrition": 0,
                  "saturation": 0,
                  "can_always_eat": true,
                  "eat_seconds": 9999999
                },
                "minecraft:enchantment_glint_override": true,
                "minecraft:custom_data": {
                  "rune": "mt.sponge",
                    "mt": "rune"
                  }
                }
            }
          ],
          "conditions": [
            {
              "condition": "minecraft:value_check",
              "value": {
                "type": "minecraft:score",
                "target": {
                  "type": "minecraft:fixed",
                  "name": "#disable_rune"
                },
                "score": "mt.constant"
              },
              "range": 0
            },
            {
              "condition": "minecraft:random_chance",
              "chance": 0.75
            },
            {
              "condition": "minecraft:entity_scores",
              "entity": "this",
              "scores": {
                "mt.progression": {
                  "min": 500000
                }
              }
            }
          ]
        },
        {
          "type": "minecraft:item",
          "weight": 2,
          "name": "minecraft:nautilus_shell",
          "functions": [
            {
              "function": "minecraft:set_count",
              "count": {
                "min": 1,
                "max": 2
              },
              "add": false
            }
          ],
          "conditions": [
            {
              "condition": "minecraft:entity_scores",
              "entity": "this",
              "scores": {
                "mt.progression": {
                  "max": 499999
                }
              }
            }
          ]
        }
      ]
    }
  ]
}
