{
  "pools": [
    {
      "rolls": 1,
      "entries": [
        {
          "type": "minecraft:item",
          "weight": 1,
          "name": "minecraft:golden_sword",
          "functions": [
            {
              "function": "minecraft:set_components",
              "components": {
                "minecraft:repair_cost": 9999,
                "minecraft:unbreakable": {},
                "minecraft:custom_name": "{\"text\":\"Assassin's Blade\",\"color\":\"gold\",\"italic\":false}",
                "minecraft:lore": [
                  "{\"text\":\"\",\"color\":\"white\",\"italic\":false}",
                  "{\"text\":\"Ability:\",\"color\":\"green\",\"italic\":false}",
                  "{\"text\":\"Early strikes deal double \",\"color\":\"gray\",\"italic\":false}",
                  "{\"text\":\"damage for 3 seconds. \",\"color\":\"gray\",\"italic\":false}",
                  "{\"text\":\"Cooldown 25 seconds.\",\"color\":\"gray\",\"italic\":false}"
                ],
                "minecraft:custom_data": {
                  "weapon": "assassin_blade",
                  "mt": "weapon"
                }
              }
            },
            {
              "function": "minecraft:set_attributes",
              "modifiers": [
                {
                  "id": "assassin_sword",
                  "attribute": "minecraft:generic.attack_speed",
                  "amount": -2.1,
                  "operation": "add_value",
                  "slot": "mainhand"
                },
                {
                  "id": "assassin_sword",
                  "attribute": "minecraft:generic.attack_damage",
                  "amount": 7,
                  "operation": "add_value",
                  "slot": "mainhand"
                }
              ]
            },
            {
              "function": "minecraft:toggle_tooltips",
              "toggles": {
                "minecraft:attribute_modifiers": false
              }
            },
            {
              "function": "minecraft:set_enchantments",
              "enchantments": {
                "minecraft:sharpness": {
                  "min": 1,
                  "max": 5
                },
                "minecraft:bane_of_arthropods": {
                  "min": 1,
                  "max": 5
                },
                "minecraft:smite": {
                  "min": 1,
                  "max": 5
                },
                "minecraft:looting": {
                  "min": 1,
                  "max": 5
                }
              },
              "add": true
            },
            {
              "function": "minecraft:set_lore",
              "lore": [
                {
                  "text": "  "
                },
                {
                  "text": "When in Main Hand:",
                  "color": "gray",
                  "italic": false
                },
                {
                  "text": " 8 Attack Damage",
                  "color": "dark_green",
                  "italic": false
                },
                {
                  "text": " 1.75 Attack Speed",
                  "color": "dark_green",
                  "italic": false
                }
              ],
               "mode": "append"
            }
          ]
        },
        {
          "type": "minecraft:item",
          "weight": 1,
          "name": "minecraft:golden_sword",
          "functions": [
            {
              "function": "minecraft:set_components",
              "components": {
                "minecraft:repair_cost": 9999,
                "minecraft:unbreakable": {},
                "minecraft:custom_name": "{\"text\":\"Assassin's Blade\",\"color\":\"gold\",\"italic\":false}",
                "minecraft:lore": [
                  "{\"text\":\"\",\"color\":\"white\",\"italic\":false}",
                  "{\"text\":\"Ability:\",\"color\":\"green\",\"italic\":false}",
                  "{\"text\":\"Early strikes deal double \",\"color\":\"gray\",\"italic\":false}",
                  "{\"text\":\"damage for 3 seconds. \",\"color\":\"gray\",\"italic\":false}",
                  "{\"text\":\"Cooldown 25 seconds.\",\"color\":\"gray\",\"italic\":false}"
                ],
                "minecraft:custom_data": {
                  "weapon": "assassin_blade",
                  "mt": "weapon"
                }
              }
            },
            {
              "function": "minecraft:set_attributes",
              "modifiers": [
                {
                  "id": "assassin_sword",
                  "attribute": "minecraft:generic.attack_speed",
                  "amount": -1.75,
                  "operation": "add_value",
                  "slot": "mainhand"
                },
                {
                  "id": "assassin_sword",
                  "attribute": "minecraft:generic.attack_damage",
                  "amount": 7,
                  "operation": "add_value",
                  "slot": "mainhand"
                }
              ]
            },
            {
              "function": "minecraft:toggle_tooltips",
              "toggles": {
                "minecraft:attribute_modifiers": false
              }
            },
            {
              "function": "minecraft:set_enchantments",
              "enchantments": {
                "minecraft:sharpness": {
                  "min": 1,
                  "max": 5
                },
                "minecraft:bane_of_arthropods": {
                  "min": 1,
                  "max": 5
                },
                "minecraft:smite": {
                  "min": 1,
                  "max": 5
                },
                "minecraft:looting": {
                  "min": 1,
                  "max": 5
                }
              },
              "add": true
            },
            {
              "function": "minecraft:set_lore",
              "lore": [
                {
                  "text": "  "
                },
                {
                  "text": "When in Main Hand:",
                  "color": "gray",
                  "italic": false
                },
                {
                  "text": " 8 Attack Damage",
                  "color": "dark_green",
                  "italic": false
                },
                {
                  "text": " 2.10 Attack Speed",
                  "color": "dark_green",
                  "italic": false
                }
              ],
               "mode": "append"
            }
          ]
        },
        {
          "type": "minecraft:item",
          "weight": 1,
          "name": "minecraft:golden_sword",
          "functions": [
            {
              "function": "minecraft:set_components",
              "components": {
                "minecraft:repair_cost": 9999,
                "minecraft:unbreakable": {},
                "minecraft:custom_name": "{\"text\":\"Assassin's Blade\",\"color\":\"gold\",\"italic\":false}",
                "minecraft:lore": [
                  "{\"text\":\"\",\"color\":\"white\",\"italic\":false}",
                  "{\"text\":\"Ability:\",\"color\":\"green\",\"italic\":false}",
                  "{\"text\":\"Early strikes deal double \",\"color\":\"gray\",\"italic\":false}",
                  "{\"text\":\"damage for 3 seconds. \",\"color\":\"gray\",\"italic\":false}",
                  "{\"text\":\"Cooldown 25 seconds.\",\"color\":\"gray\",\"italic\":false}"
                ],
                "minecraft:custom_data": {
                  "weapon": "assassin_blade",
                  "mt": "weapon"
                }
              }
            },
            {
              "function": "minecraft:set_attributes",
              "modifiers": [
                {
                  "id": "assassin_sword",
                  "attribute": "minecraft:generic.attack_speed",
                  "amount": -1.1,
                  "operation": "add_value",
                  "slot": "mainhand"
                },
                {
                  "id": "assassin_sword",
                  "attribute": "minecraft:generic.attack_damage",
                  "amount": 7,
                  "operation": "add_value",
                  "slot": "mainhand"
                }
              ]
            },
            {
              "function": "minecraft:toggle_tooltips",
              "toggles": {
                "minecraft:attribute_modifiers": false
              }
            },
            {
              "function": "minecraft:set_enchantments",
              "enchantments": {
                "minecraft:sharpness": {
                  "min": 1,
                  "max": 5
                },
                "minecraft:bane_of_arthropods": {
                  "min": 1,
                  "max": 5
                },
                "minecraft:smite": {
                  "min": 1,
                  "max": 5
                },
                "minecraft:looting": {
                  "min": 1,
                  "max": 5
                }
              },
              "add": true
            },
            {
              "function": "minecraft:set_lore",
              "lore": [
                {
                  "text": "  "
                },
                {
                  "text": "When in Main Hand:",
                  "color": "gray",
                  "italic": false
                },
                {
                  "text": " 8 Attack Damage",
                  "color": "dark_green",
                  "italic": false
                },
                {
                  "text": " 2.75 Attack Speed",
                  "color": "dark_green",
                  "italic": false
                }
              ],
               "mode": "append"
            }
          ]
        },
        {
          "type": "minecraft:item",
          "weight": 1,
          "name": "minecraft:golden_sword",
          "functions": [
            {
              "function": "minecraft:set_components",
              "components": {
                "minecraft:repair_cost": 9999,
                "minecraft:unbreakable": {},
                "minecraft:custom_name": "{\"text\":\"Assassin's Blade\",\"color\":\"gold\",\"italic\":false}",
                "minecraft:lore": [
                  "{\"text\":\"\",\"color\":\"white\",\"italic\":false}",
                  "{\"text\":\"Ability:\",\"color\":\"green\",\"italic\":false}",
                  "{\"text\":\"Early strikes deal double \",\"color\":\"gray\",\"italic\":false}",
                  "{\"text\":\"damage for 3 seconds. \",\"color\":\"gray\",\"italic\":false}",
                  "{\"text\":\"Cooldown 25 seconds.\",\"color\":\"gray\",\"italic\":false}"
                ],
                "minecraft:custom_data": {
                  "weapon": "assassin_blade",
                  "mt": "weapon"
                }
              }
            },
            {
              "function": "minecraft:set_attributes",
              "modifiers": [
                {
                  "id": "assassin_sword",
                  "attribute": "minecraft:generic.attack_speed",
                  "amount": -0.75,
                  "operation": "add_value",
                  "slot": "mainhand"
                },
                {
                  "id": "assassin_sword",
                  "attribute": "minecraft:generic.attack_damage",
                  "amount": 7,
                  "operation": "add_value",
                  "slot": "mainhand"
                }
              ]
            },
            {
              "function": "minecraft:toggle_tooltips",
              "toggles": {
                "minecraft:attribute_modifiers": false
              }
            },
            {
              "function": "minecraft:set_enchantments",
              "enchantments": {
                "minecraft:sharpness": {
                  "min": 1,
                  "max": 5
                },
                "minecraft:bane_of_arthropods": {
                  "min": 1,
                  "max": 5
                },
                "minecraft:smite": {
                  "min": 1,
                  "max": 5
                },
                "minecraft:looting": {
                  "min": 1,
                  "max": 5
                }
              },
              "add": true
            },
            {
              "function": "minecraft:set_lore",
              "lore": [
                {
                  "text": "  "
                },
                {
                  "text": "When in Main Hand:",
                  "color": "gray",
                  "italic": false
                },
                {
                  "text": " 8 Attack Damage",
                  "color": "dark_green",
                  "italic": false
                },
                {
                  "text": " 3.10 Attack Speed",
                  "color": "dark_green",
                  "italic": false
                }
              ],
               "mode": "append"
            }
          ]
        },
        {
          "type": "minecraft:item",
          "weight": 1,
          "name": "minecraft:golden_sword",
          "functions": [
            {
              "function": "minecraft:set_components",
              "components": {
                "minecraft:repair_cost": 9999,
                "minecraft:unbreakable": {},
                "minecraft:custom_name": "{\"text\":\"Assassin's Blade\",\"color\":\"gold\",\"italic\":false}",
                "minecraft:lore": [
                  "{\"text\":\"\",\"color\":\"white\",\"italic\":false}",
                  "{\"text\":\"Ability:\",\"color\":\"green\",\"italic\":false}",
                  "{\"text\":\"Early strikes deal double \",\"color\":\"gray\",\"italic\":false}",
                  "{\"text\":\"damage for 3 seconds. \",\"color\":\"gray\",\"italic\":false}",
                  "{\"text\":\"Cooldown 25 seconds.\",\"color\":\"gray\",\"italic\":false}"
                ],
                "minecraft:custom_data": {
                  "weapon": "assassin_blade",
                  "mt": "weapon"
                }
              }
            },
            {
              "function": "minecraft:set_attributes",
              "modifiers": [
                {
                  "id": "assassin_sword",
                  "attribute": "minecraft:generic.attack_speed",
                  "amount": -2.1,
                  "operation": "add_value",
                  "slot": "mainhand"
                },
                {
                  "id": "assassin_sword",
                  "attribute": "minecraft:generic.attack_damage",
                  "amount": 8,
                  "operation": "add_value",
                  "slot": "mainhand"
                }
              ]
            },
            {
              "function": "minecraft:toggle_tooltips",
              "toggles": {
                "minecraft:attribute_modifiers": false
              }
            },
            {
              "function": "minecraft:set_enchantments",
              "enchantments": {
                "minecraft:sharpness": {
                  "min": 1,
                  "max": 5
                },
                "minecraft:bane_of_arthropods": {
                  "min": 1,
                  "max": 5
                },
                "minecraft:smite": {
                  "min": 1,
                  "max": 5
                },
                "minecraft:looting": {
                  "min": 1,
                  "max": 5
                }
              },
              "add": true
            },
            {
              "function": "minecraft:set_lore",
              "lore": [
                {
                  "text": "  "
                },
                {
                  "text": "When in Main Hand:",
                  "color": "gray",
                  "italic": false
                },
                {
                  "text": " 9 Attack Damage",
                  "color": "dark_green",
                  "italic": false
                },
                {
                  "text": " 1.75 Attack Speed",
                  "color": "dark_green",
                  "italic": false
                }
              ],
               "mode": "append"
            }
          ]
        },
        {
          "type": "minecraft:item",
          "weight": 1,
          "name": "minecraft:golden_sword",
          "functions": [
            {
              "function": "minecraft:set_components",
              "components": {
                "minecraft:repair_cost": 9999,
                "minecraft:unbreakable": {},
                "minecraft:custom_name": "{\"text\":\"Assassin's Blade\",\"color\":\"gold\",\"italic\":false}",
                "minecraft:lore": [
                  "{\"text\":\"\",\"color\":\"white\",\"italic\":false}",
                  "{\"text\":\"Ability:\",\"color\":\"green\",\"italic\":false}",
                  "{\"text\":\"Early strikes deal double \",\"color\":\"gray\",\"italic\":false}",
                  "{\"text\":\"damage for 3 seconds. \",\"color\":\"gray\",\"italic\":false}",
                  "{\"text\":\"Cooldown 25 seconds.\",\"color\":\"gray\",\"italic\":false}"
                ],
                "minecraft:custom_data": {
                  "weapon": "assassin_blade",
                  "mt": "weapon"
                }
              }
            },
            {
              "function": "minecraft:set_attributes",
              "modifiers": [
                {
                  "id": "assassin_sword",
                  "attribute": "minecraft:generic.attack_speed",
                  "amount": -1.75,
                  "operation": "add_value",
                  "slot": "mainhand"
                },
                {
                  "id": "assassin_sword",
                  "attribute": "minecraft:generic.attack_damage",
                  "amount": 8,
                  "operation": "add_value",
                  "slot": "mainhand"
                }
              ]
            },
            {
              "function": "minecraft:toggle_tooltips",
              "toggles": {
                "minecraft:attribute_modifiers": false
              }
            },
            {
              "function": "minecraft:set_enchantments",
              "enchantments": {
                "minecraft:sharpness": {
                  "min": 1,
                  "max": 5
                },
                "minecraft:bane_of_arthropods": {
                  "min": 1,
                  "max": 5
                },
                "minecraft:smite": {
                  "min": 1,
                  "max": 5
                },
                "minecraft:looting": {
                  "min": 1,
                  "max": 5
                }
              },
              "add": true
            },
            {
              "function": "minecraft:set_lore",
              "lore": [
                {
                  "text": "  "
                },
                {
                  "text": "When in Main Hand:",
                  "color": "gray",
                  "italic": false
                },
                {
                  "text": " 9 Attack Damage",
                  "color": "dark_green",
                  "italic": false
                },
                {
                  "text": " 2.10 Attack Speed",
                  "color": "dark_green",
                  "italic": false
                }
              ],
               "mode": "append"
            }
          ]
        },
        {
          "type": "minecraft:item",
          "weight": 1,
          "name": "minecraft:golden_sword",
          "functions": [
            {
              "function": "minecraft:set_components",
              "components": {
                "minecraft:repair_cost": 9999,
                "minecraft:unbreakable": {},
                "minecraft:custom_name": "{\"text\":\"Assassin's Blade\",\"color\":\"gold\",\"italic\":false}",
                "minecraft:lore": [
                  "{\"text\":\"\",\"color\":\"white\",\"italic\":false}",
                  "{\"text\":\"Ability:\",\"color\":\"green\",\"italic\":false}",
                  "{\"text\":\"Early strikes deal double \",\"color\":\"gray\",\"italic\":false}",
                  "{\"text\":\"damage for 3 seconds. \",\"color\":\"gray\",\"italic\":false}",
                  "{\"text\":\"Cooldown 25 seconds.\",\"color\":\"gray\",\"italic\":false}"
                ],
                "minecraft:custom_data": {
                  "weapon": "assassin_blade",
                  "mt": "weapon"
                }
              }
            },
            {
              "function": "minecraft:set_attributes",
              "modifiers": [
                {
                  "id": "assassin_sword",
                  "attribute": "minecraft:generic.attack_speed",
                  "amount": -1.1,
                  "operation": "add_value",
                  "slot": "mainhand"
                },
                {
                  "id": "assassin_sword",
                  "attribute": "minecraft:generic.attack_damage",
                  "amount": 8,
                  "operation": "add_value",
                  "slot": "mainhand"
                }
              ]
            },
            {
              "function": "minecraft:toggle_tooltips",
              "toggles": {
                "minecraft:attribute_modifiers": false
              }
            },
            {
              "function": "minecraft:set_enchantments",
              "enchantments": {
                "minecraft:sharpness": {
                  "min": 1,
                  "max": 5
                },
                "minecraft:bane_of_arthropods": {
                  "min": 1,
                  "max": 5
                },
                "minecraft:smite": {
                  "min": 1,
                  "max": 5
                },
                "minecraft:looting": {
                  "min": 1,
                  "max": 5
                }
              },
              "add": true
            },
            {
              "function": "minecraft:set_lore",
              "lore": [
                {
                  "text": "  "
                },
                {
                  "text": "When in Main Hand:",
                  "color": "gray",
                  "italic": false
                },
                {
                  "text": " 9 Attack Damage",
                  "color": "dark_green",
                  "italic": false
                },
                {
                  "text": " 2.75 Attack Speed",
                  "color": "dark_green",
                  "italic": false
                }
              ],
               "mode": "append"
            }
          ]
        },
        {
          "type": "minecraft:item",
          "weight": 1,
          "name": "minecraft:golden_sword",
          "functions": [
            {
              "function": "minecraft:set_components",
              "components": {
                "minecraft:repair_cost": 9999,
                "minecraft:unbreakable": {},
                "minecraft:custom_name": "{\"text\":\"Assassin's Blade\",\"color\":\"gold\",\"italic\":false}",
                "minecraft:lore": [
                  "{\"text\":\"\",\"color\":\"white\",\"italic\":false}",
                  "{\"text\":\"Ability:\",\"color\":\"green\",\"italic\":false}",
                  "{\"text\":\"Early strikes deal double \",\"color\":\"gray\",\"italic\":false}",
                  "{\"text\":\"damage for 3 seconds. \",\"color\":\"gray\",\"italic\":false}",
                  "{\"text\":\"Cooldown 25 seconds.\",\"color\":\"gray\",\"italic\":false}"
                ],
                "minecraft:custom_data": {
                  "weapon": "assassin_blade",
                  "mt": "weapon"
                }
              }
            },
            {
              "function": "minecraft:set_attributes",
              "modifiers": [
                {
                  "id": "assassin_sword",
                  "attribute": "minecraft:generic.attack_speed",
                  "amount": -0.75,
                  "operation": "add_value",
                  "slot": "mainhand"
                },
                {
                  "id": "assassin_sword",
                  "attribute": "minecraft:generic.attack_damage",
                  "amount": 8,
                  "operation": "add_value",
                  "slot": "mainhand"
                }
              ]
            },
            {
              "function": "minecraft:toggle_tooltips",
              "toggles": {
                "minecraft:attribute_modifiers": false
              }
            },
            {
              "function": "minecraft:set_enchantments",
              "enchantments": {
                "minecraft:sharpness": {
                  "min": 1,
                  "max": 5
                },
                "minecraft:bane_of_arthropods": {
                  "min": 1,
                  "max": 5
                },
                "minecraft:smite": {
                  "min": 1,
                  "max": 5
                },
                "minecraft:looting": {
                  "min": 1,
                  "max": 5
                }
              },
              "add": true
            },
            {
              "function": "minecraft:set_lore",
              "lore": [
                {
                  "text": "  "
                },
                {
                  "text": "When in Main Hand:",
                  "color": "gray",
                  "italic": false
                },
                {
                  "text": " 9 Attack Damage",
                  "color": "dark_green",
                  "italic": false
                },
                {
                  "text": " 3.10 Attack Speed",
                  "color": "dark_green",
                  "italic": false
                }
              ],
               "mode": "append"
            }
          ]
        },
        {
          "type": "minecraft:item",
          "weight": 1,
          "name": "minecraft:golden_sword",
          "functions": [
            {
              "function": "minecraft:set_components",
              "components": {
                "minecraft:repair_cost": 9999,
                "minecraft:unbreakable": {},
                "minecraft:custom_name": "{\"text\":\"Assassin's Blade\",\"color\":\"gold\",\"italic\":false}",
                "minecraft:lore": [
                  "{\"text\":\"\",\"color\":\"white\",\"italic\":false}",
                  "{\"text\":\"Ability:\",\"color\":\"green\",\"italic\":false}",
                  "{\"text\":\"Early strikes deal double \",\"color\":\"gray\",\"italic\":false}",
                  "{\"text\":\"damage for 3 seconds. \",\"color\":\"gray\",\"italic\":false}",
                  "{\"text\":\"Cooldown 25 seconds.\",\"color\":\"gray\",\"italic\":false}"
                ],
                "minecraft:custom_data": {
                  "weapon": "assassin_blade",
                  "mt": "weapon"
                }
              }
            },
            {
              "function": "minecraft:set_attributes",
              "modifiers": [
                {
                  "id": "assassin_sword",
                  "attribute": "minecraft:generic.attack_speed",
                  "amount": -2.1,
                  "operation": "add_value",
                  "slot": "mainhand"
                },
                {
                  "id": "assassin_sword",
                  "attribute": "minecraft:generic.attack_damage",
                  "amount": 9,
                  "operation": "add_value",
                  "slot": "mainhand"
                }
              ]
            },
            {
              "function": "minecraft:toggle_tooltips",
              "toggles": {
                "minecraft:attribute_modifiers": false
              }
            },
            {
              "function": "minecraft:set_enchantments",
              "enchantments": {
                "minecraft:sharpness": {
                  "min": 1,
                  "max": 5
                },
                "minecraft:bane_of_arthropods": {
                  "min": 1,
                  "max": 5
                },
                "minecraft:smite": {
                  "min": 1,
                  "max": 5
                },
                "minecraft:looting": {
                  "min": 1,
                  "max": 5
                }
              },
              "add": true
            },
            {
              "function": "minecraft:set_lore",
              "lore": [
                {
                  "text": "  "
                },
                {
                  "text": "When in Main Hand:",
                  "color": "gray",
                  "italic": false
                },
                {
                  "text": " 10 Attack Damage",
                  "color": "dark_green",
                  "italic": false
                },
                {
                  "text": " 1.75 Attack Speed",
                  "color": "dark_green",
                  "italic": false
                }
              ],
               "mode": "append"
            }
          ]
        },
        {
          "type": "minecraft:item",
          "weight": 1,
          "name": "minecraft:golden_sword",
          "functions": [
            {
              "function": "minecraft:set_components",
              "components": {
                "minecraft:repair_cost": 9999,
                "minecraft:unbreakable": {},
                "minecraft:custom_name": "{\"text\":\"Assassin's Blade\",\"color\":\"gold\",\"italic\":false}",
                "minecraft:lore": [
                  "{\"text\":\"\",\"color\":\"white\",\"italic\":false}",
                  "{\"text\":\"Ability:\",\"color\":\"green\",\"italic\":false}",
                  "{\"text\":\"Early strikes deal double \",\"color\":\"gray\",\"italic\":false}",
                  "{\"text\":\"damage for 3 seconds. \",\"color\":\"gray\",\"italic\":false}",
                  "{\"text\":\"Cooldown 25 seconds.\",\"color\":\"gray\",\"italic\":false}"
                ],
                "minecraft:custom_data": {
                  "weapon": "assassin_blade",
                  "mt": "weapon"
                }
              }
            },
            {
              "function": "minecraft:set_attributes",
              "modifiers": [
                {
                  "id": "assassin_sword",
                  "attribute": "minecraft:generic.attack_speed",
                  "amount": -1.75,
                  "operation": "add_value",
                  "slot": "mainhand"
                },
                {
                  "id": "assassin_sword",
                  "attribute": "minecraft:generic.attack_damage",
                  "amount": 9,
                  "operation": "add_value",
                  "slot": "mainhand"
                }
              ]
            },
            {
              "function": "minecraft:toggle_tooltips",
              "toggles": {
                "minecraft:attribute_modifiers": false
              }
            },
            {
              "function": "minecraft:set_enchantments",
              "enchantments": {
                "minecraft:sharpness": {
                  "min": 1,
                  "max": 5
                },
                "minecraft:bane_of_arthropods": {
                  "min": 1,
                  "max": 5
                },
                "minecraft:smite": {
                  "min": 1,
                  "max": 5
                },
                "minecraft:looting": {
                  "min": 1,
                  "max": 5
                }
              },
              "add": true
            },
            {
              "function": "minecraft:set_lore",
              "lore": [
                {
                  "text": "  "
                },
                {
                  "text": "When in Main Hand:",
                  "color": "gray",
                  "italic": false
                },
                {
                  "text": " 10 Attack Damage",
                  "color": "dark_green",
                  "italic": false
                },
                {
                  "text": " 2.10 Attack Speed",
                  "color": "dark_green",
                  "italic": false
                }
              ],
               "mode": "append"
            }
          ]
        },
        {
          "type": "minecraft:item",
          "weight": 1,
          "name": "minecraft:golden_sword",
          "functions": [
            {
              "function": "minecraft:set_components",
              "components": {
                "minecraft:repair_cost": 9999,
                "minecraft:unbreakable": {},
                "minecraft:custom_name": "{\"text\":\"Assassin's Blade\",\"color\":\"gold\",\"italic\":false}",
                "minecraft:lore": [
                  "{\"text\":\"\",\"color\":\"white\",\"italic\":false}",
                  "{\"text\":\"Ability:\",\"color\":\"green\",\"italic\":false}",
                  "{\"text\":\"Early strikes deal double \",\"color\":\"gray\",\"italic\":false}",
                  "{\"text\":\"damage for 3 seconds. \",\"color\":\"gray\",\"italic\":false}",
                  "{\"text\":\"Cooldown 25 seconds.\",\"color\":\"gray\",\"italic\":false}"
                ],
                "minecraft:custom_data": {
                  "weapon": "assassin_blade",
                  "mt": "weapon"
                }
              }
            },
            {
              "function": "minecraft:set_attributes",
              "modifiers": [
                {
                  "id": "assassin_sword",
                  "attribute": "minecraft:generic.attack_speed",
                  "amount": -1.1,
                  "operation": "add_value",
                  "slot": "mainhand"
                },
                {
                  "id": "assassin_sword",
                  "attribute": "minecraft:generic.attack_damage",
                  "amount": 9,
                  "operation": "add_value",
                  "slot": "mainhand"
                }
              ]
            },
            {
              "function": "minecraft:toggle_tooltips",
              "toggles": {
                "minecraft:attribute_modifiers": false
              }
            },
            {
              "function": "minecraft:set_enchantments",
              "enchantments": {
                "minecraft:sharpness": {
                  "min": 1,
                  "max": 5
                },
                "minecraft:bane_of_arthropods": {
                  "min": 1,
                  "max": 5
                },
                "minecraft:smite": {
                  "min": 1,
                  "max": 5
                },
                "minecraft:looting": {
                  "min": 1,
                  "max": 5
                }
              },
              "add": true
            },
            {
              "function": "minecraft:set_lore",
              "lore": [
                {
                  "text": "  "
                },
                {
                  "text": "When in Main Hand:",
                  "color": "gray",
                  "italic": false
                },
                {
                  "text": " 10 Attack Damage",
                  "color": "dark_green",
                  "italic": false
                },
                {
                  "text": " 2.75 Attack Speed",
                  "color": "dark_green",
                  "italic": false
                }
              ],
               "mode": "append"
            }
          ]
        },
        {
          "type": "minecraft:item",
          "weight": 1,
          "name": "minecraft:golden_sword",
          "functions": [
            {
              "function": "minecraft:set_components",
              "components": {
                "minecraft:repair_cost": 9999,
                "minecraft:unbreakable": {},
                "minecraft:custom_name": "{\"text\":\"Assassin's Blade\",\"color\":\"gold\",\"italic\":false}",
                "minecraft:lore": [
                  "{\"text\":\"\",\"color\":\"white\",\"italic\":false}",
                  "{\"text\":\"Ability:\",\"color\":\"green\",\"italic\":false}",
                  "{\"text\":\"Early strikes deal double \",\"color\":\"gray\",\"italic\":false}",
                  "{\"text\":\"damage for 3 seconds. \",\"color\":\"gray\",\"italic\":false}",
                  "{\"text\":\"Cooldown 25 seconds.\",\"color\":\"gray\",\"italic\":false}"
                ],
                "minecraft:custom_data": {
                  "weapon": "assassin_blade",
                  "mt": "weapon"
                }
              }
            },
            {
              "function": "minecraft:set_attributes",
              "modifiers": [
                {
                  "id": "assassin_sword",
                  "attribute": "minecraft:generic.attack_speed",
                  "amount": -0.75,
                  "operation": "add_value",
                  "slot": "mainhand"
                },
                {
                  "id": "assassin_sword",
                  "attribute": "minecraft:generic.attack_damage",
                  "amount": 9,
                  "operation": "add_value",
                  "slot": "mainhand"
                }
              ]
            },
            {
              "function": "minecraft:toggle_tooltips",
              "toggles": {
                "minecraft:attribute_modifiers": false
              }
            },
            {
              "function": "minecraft:set_enchantments",
              "enchantments": {
                "minecraft:sharpness": {
                  "min": 1,
                  "max": 5
                },
                "minecraft:bane_of_arthropods": {
                  "min": 1,
                  "max": 5
                },
                "minecraft:smite": {
                  "min": 1,
                  "max": 5
                },
                "minecraft:looting": {
                  "min": 1,
                  "max": 5
                }
              },
              "add": true
            },
            {
              "function": "minecraft:set_lore",
              "lore": [
                {
                  "text": "  "
                },
                {
                  "text": "When in Main Hand:",
                  "color": "gray",
                  "italic": false
                },
                {
                  "text": " 10 Attack Damage",
                  "color": "dark_green",
                  "italic": false
                },
                {
                  "text": " 3.10 Attack Speed",
                  "color": "dark_green",
                  "italic": false
                }
              ],
               "mode": "append"
            }
          ]
        },
        {
          "type": "minecraft:item",
          "weight": 1,
          "name": "minecraft:golden_sword",
          "functions": [
            {
              "function": "minecraft:set_components",
              "components": {
                "minecraft:repair_cost": 9999,
                "minecraft:unbreakable": {},
                "minecraft:custom_name": "{\"text\":\"Assassin's Blade\",\"color\":\"gold\",\"italic\":false}",
                "minecraft:lore": [
                  "{\"text\":\"\",\"color\":\"white\",\"italic\":false}",
                  "{\"text\":\"Ability:\",\"color\":\"green\",\"italic\":false}",
                  "{\"text\":\"Early strikes deal double \",\"color\":\"gray\",\"italic\":false}",
                  "{\"text\":\"damage for 3 seconds. \",\"color\":\"gray\",\"italic\":false}",
                  "{\"text\":\"Cooldown 25 seconds.\",\"color\":\"gray\",\"italic\":false}"
                ],
                "minecraft:custom_data": {
                  "weapon": "assassin_blade",
                  "mt": "weapon"
                }
              }
            },
            {
              "function": "minecraft:set_attributes",
              "modifiers": [
                {
                  "id": "assassin_sword",
                  "attribute": "minecraft:generic.attack_speed",
                  "amount": -2.1,
                  "operation": "add_value",
                  "slot": "mainhand"
                },
                {
                  "id": "assassin_sword",
                  "attribute": "minecraft:generic.attack_damage",
                  "amount": 11,
                  "operation": "add_value",
                  "slot": "mainhand"
                }
              ]
            },
            {
              "function": "minecraft:toggle_tooltips",
              "toggles": {
                "minecraft:attribute_modifiers": false
              }
            },
            {
              "function": "minecraft:set_enchantments",
              "enchantments": {
                "minecraft:sharpness": {
                  "min": 1,
                  "max": 5
                },
                "minecraft:bane_of_arthropods": {
                  "min": 1,
                  "max": 5
                },
                "minecraft:smite": {
                  "min": 1,
                  "max": 5
                },
                "minecraft:looting": {
                  "min": 1,
                  "max": 5
                }
              },
              "add": true
            },
            {
              "function": "minecraft:set_lore",
              "lore": [
                {
                  "text": "  "
                },
                {
                  "text": "When in Main Hand:",
                  "color": "gray",
                  "italic": false
                },
                {
                  "text": " 12 Attack Damage",
                  "color": "dark_green",
                  "italic": false
                },
                {
                  "text": " 1.75 Attack Speed",
                  "color": "dark_green",
                  "italic": false
                }
              ],
               "mode": "append"
            }
          ]
        },
        {
          "type": "minecraft:item",
          "weight": 1,
          "name": "minecraft:golden_sword",
          "functions": [
            {
              "function": "minecraft:set_components",
              "components": {
                "minecraft:repair_cost": 9999,
                "minecraft:unbreakable": {},
                "minecraft:custom_name": "{\"text\":\"Assassin's Blade\",\"color\":\"gold\",\"italic\":false}",
                "minecraft:lore": [
                  "{\"text\":\"\",\"color\":\"white\",\"italic\":false}",
                  "{\"text\":\"Ability:\",\"color\":\"green\",\"italic\":false}",
                  "{\"text\":\"Early strikes deal double \",\"color\":\"gray\",\"italic\":false}",
                  "{\"text\":\"damage for 3 seconds. \",\"color\":\"gray\",\"italic\":false}",
                  "{\"text\":\"Cooldown 25 seconds.\",\"color\":\"gray\",\"italic\":false}"
                ],
                "minecraft:custom_data": {
                  "weapon": "assassin_blade",
                  "mt": "weapon"
                }
              }
            },
            {
              "function": "minecraft:set_attributes",
              "modifiers": [
                {
                  "id": "assassin_sword",
                  "attribute": "minecraft:generic.attack_speed",
                  "amount": -1.75,
                  "operation": "add_value",
                  "slot": "mainhand"
                },
                {
                  "id": "assassin_sword",
                  "attribute": "minecraft:generic.attack_damage",
                  "amount": 11,
                  "operation": "add_value",
                  "slot": "mainhand"
                }
              ]
            },
            {
              "function": "minecraft:toggle_tooltips",
              "toggles": {
                "minecraft:attribute_modifiers": false
              }
            },
            {
              "function": "minecraft:set_enchantments",
              "enchantments": {
                "minecraft:sharpness": {
                  "min": 1,
                  "max": 5
                },
                "minecraft:bane_of_arthropods": {
                  "min": 1,
                  "max": 5
                },
                "minecraft:smite": {
                  "min": 1,
                  "max": 5
                },
                "minecraft:looting": {
                  "min": 1,
                  "max": 5
                }
              },
              "add": true
            },
            {
              "function": "minecraft:set_lore",
              "lore": [
                {
                  "text": "  "
                },
                {
                  "text": "When in Main Hand:",
                  "color": "gray",
                  "italic": false
                },
                {
                  "text": " 12 Attack Damage",
                  "color": "dark_green",
                  "italic": false
                },
                {
                  "text": " 2.10 Attack Speed",
                  "color": "dark_green",
                  "italic": false
                }
              ],
               "mode": "append"
            }
          ]
        },
        {
          "type": "minecraft:item",
          "weight": 1,
          "name": "minecraft:golden_sword",
          "functions": [
            {
              "function": "minecraft:set_components",
              "components": {
                "minecraft:repair_cost": 9999,
                "minecraft:unbreakable": {},
                "minecraft:custom_name": "{\"text\":\"Assassin's Blade\",\"color\":\"gold\",\"italic\":false}",
                "minecraft:lore": [
                  "{\"text\":\"\",\"color\":\"white\",\"italic\":false}",
                  "{\"text\":\"Ability:\",\"color\":\"green\",\"italic\":false}",
                  "{\"text\":\"Early strikes deal double \",\"color\":\"gray\",\"italic\":false}",
                  "{\"text\":\"damage for 3 seconds. \",\"color\":\"gray\",\"italic\":false}",
                  "{\"text\":\"Cooldown 25 seconds.\",\"color\":\"gray\",\"italic\":false}"
                ],
                "minecraft:custom_data": {
                  "weapon": "assassin_blade",
                  "mt": "weapon"
                }
              }
            },
            {
              "function": "minecraft:set_attributes",
              "modifiers": [
                {
                  "id": "assassin_sword",
                  "attribute": "minecraft:generic.attack_speed",
                  "amount": -1.1,
                  "operation": "add_value",
                  "slot": "mainhand"
                },
                {
                  "id": "assassin_sword",
                  "attribute": "minecraft:generic.attack_damage",
                  "amount": 11,
                  "operation": "add_value",
                  "slot": "mainhand"
                }
              ]
            },
            {
              "function": "minecraft:toggle_tooltips",
              "toggles": {
                "minecraft:attribute_modifiers": false
              }
            },
            {
              "function": "minecraft:set_enchantments",
              "enchantments": {
                "minecraft:sharpness": {
                  "min": 1,
                  "max": 5
                },
                "minecraft:bane_of_arthropods": {
                  "min": 1,
                  "max": 5
                },
                "minecraft:smite": {
                  "min": 1,
                  "max": 5
                },
                "minecraft:looting": {
                  "min": 1,
                  "max": 5
                }
              },
              "add": true
            },
            {
              "function": "minecraft:set_lore",
              "lore": [
                {
                  "text": "  "
                },
                {
                  "text": "When in Main Hand:",
                  "color": "gray",
                  "italic": false
                },
                {
                  "text": " 12 Attack Damage",
                  "color": "dark_green",
                  "italic": false
                },
                {
                  "text": " 2.75 Attack Speed",
                  "color": "dark_green",
                  "italic": false
                }
              ],
               "mode": "append"
            }
          ]
        },
        {
          "type": "minecraft:item",
          "weight": 1,
          "name": "minecraft:golden_sword",
          "functions": [
            {
              "function": "minecraft:set_components",
              "components": {
                "minecraft:repair_cost": 9999,
                "minecraft:unbreakable": {},
                "minecraft:custom_name": "{\"text\":\"Assassin's Blade\",\"color\":\"gold\",\"italic\":false}",
                "minecraft:lore": [
                  "{\"text\":\"\",\"color\":\"white\",\"italic\":false}",
                  "{\"text\":\"Ability:\",\"color\":\"green\",\"italic\":false}",
                  "{\"text\":\"Early strikes deal double \",\"color\":\"gray\",\"italic\":false}",
                  "{\"text\":\"damage for 3 seconds. \",\"color\":\"gray\",\"italic\":false}",
                  "{\"text\":\"Cooldown 25 seconds.\",\"color\":\"gray\",\"italic\":false}"
                ],
                "minecraft:custom_data": {
                  "weapon": "assassin_blade",
                  "mt": "weapon"
                }
              }
            },
            {
              "function": "minecraft:set_attributes",
              "modifiers": [
                {
                  "id": "assassin_sword",
                  "attribute": "minecraft:generic.attack_speed",
                  "amount": -0.75,
                  "operation": "add_value",
                  "slot": "mainhand"
                },
                {
                  "id": "assassin_sword",
                  "attribute": "minecraft:generic.attack_damage",
                  "amount": 11,
                  "operation": "add_value",
                  "slot": "mainhand"
                }
              ]
            },
            {
              "function": "minecraft:toggle_tooltips",
              "toggles": {
                "minecraft:attribute_modifiers": false
              }
            },
            {
              "function": "minecraft:set_enchantments",
              "enchantments": {
                "minecraft:sharpness": {
                  "min": 1,
                  "max": 5
                },
                "minecraft:bane_of_arthropods": {
                  "min": 1,
                  "max": 5
                },
                "minecraft:smite": {
                  "min": 1,
                  "max": 5
                },
                "minecraft:looting": {
                  "min": 1,
                  "max": 5
                }
              },
              "add": true
            },
            {
              "function": "minecraft:set_lore",
              "lore": [
                {
                  "text": "  "
                },
                {
                  "text": "When in Main Hand:",
                  "color": "gray",
                  "italic": false
                },
                {
                  "text": " 12 Attack Damage",
                  "color": "dark_green",
                  "italic": false
                },
                {
                  "text": " 3.10 Attack Speed",
                  "color": "dark_green",
                  "italic": false
                }
              ],
               "mode": "append"
            }
          ]
        },
        {
          "type": "minecraft:item",
          "weight": 1,
          "name": "minecraft:golden_sword",
          "functions": [
            {
              "function": "minecraft:set_components",
              "components": {
                "minecraft:repair_cost": 9999,
                "minecraft:unbreakable": {},
                "minecraft:custom_name": "{\"text\":\"Assassin's Blade\",\"color\":\"gold\",\"italic\":false}",
                "minecraft:lore": [
                  "{\"text\":\"\",\"color\":\"white\",\"italic\":false}",
                  "{\"text\":\"Ability:\",\"color\":\"green\",\"italic\":false}",
                  "{\"text\":\"Early strikes deal double \",\"color\":\"gray\",\"italic\":false}",
                  "{\"text\":\"damage for 3 seconds. \",\"color\":\"gray\",\"italic\":false}",
                  "{\"text\":\"Cooldown 25 seconds.\",\"color\":\"gray\",\"italic\":false}"
                ],
                "minecraft:custom_data": {
                  "weapon": "assassin_blade",
                  "mt": "weapon"
                }
              }
            },
            {
              "function": "minecraft:set_attributes",
              "modifiers": [
                {
                  "id": "assassin_sword",
                  "attribute": "minecraft:generic.attack_speed",
                  "amount": -2.1,
                  "operation": "add_value",
                  "slot": "mainhand"
                },
                {
                  "id": "assassin_sword",
                  "attribute": "minecraft:generic.attack_damage",
                  "amount": 12,
                  "operation": "add_value",
                  "slot": "mainhand"
                }
              ]
            },
            {
              "function": "minecraft:toggle_tooltips",
              "toggles": {
                "minecraft:attribute_modifiers": false
              }
            },
            {
              "function": "minecraft:set_enchantments",
              "enchantments": {
                "minecraft:sharpness": {
                  "min": 1,
                  "max": 5
                },
                "minecraft:bane_of_arthropods": {
                  "min": 1,
                  "max": 5
                },
                "minecraft:smite": {
                  "min": 1,
                  "max": 5
                },
                "minecraft:looting": {
                  "min": 1,
                  "max": 5
                }
              },
              "add": true
            },
            {
              "function": "minecraft:set_lore",
              "lore": [
                {
                  "text": "  "
                },
                {
                  "text": "When in Main Hand:",
                  "color": "gray",
                  "italic": false
                },
                {
                  "text": " 13 Attack Damage",
                  "color": "dark_green",
                  "italic": false
                },
                {
                  "text": " 1.75 Attack Speed",
                  "color": "dark_green",
                  "italic": false
                }
              ],
               "mode": "append"
            }
          ]
        },
        {
          "type": "minecraft:item",
          "weight": 1,
          "name": "minecraft:golden_sword",
          "functions": [
            {
              "function": "minecraft:set_components",
              "components": {
                "minecraft:repair_cost": 9999,
                "minecraft:unbreakable": {},
                "minecraft:custom_name": "{\"text\":\"Assassin's Blade\",\"color\":\"gold\",\"italic\":false}",
                "minecraft:lore": [
                  "{\"text\":\"\",\"color\":\"white\",\"italic\":false}",
                  "{\"text\":\"Ability:\",\"color\":\"green\",\"italic\":false}",
                  "{\"text\":\"Early strikes deal double \",\"color\":\"gray\",\"italic\":false}",
                  "{\"text\":\"damage for 3 seconds. \",\"color\":\"gray\",\"italic\":false}",
                  "{\"text\":\"Cooldown 25 seconds.\",\"color\":\"gray\",\"italic\":false}"
                ],
                "minecraft:custom_data": {
                  "weapon": "assassin_blade",
                  "mt": "weapon"
                }
              }
            },
            {
              "function": "minecraft:set_attributes",
              "modifiers": [
                {
                  "id": "assassin_sword",
                  "attribute": "minecraft:generic.attack_speed",
                  "amount": -1.75,
                  "operation": "add_value",
                  "slot": "mainhand"
                },
                {
                  "id": "assassin_sword",
                  "attribute": "minecraft:generic.attack_damage",
                  "amount": 12,
                  "operation": "add_value",
                  "slot": "mainhand"
                }
              ]
            },
            {
              "function": "minecraft:toggle_tooltips",
              "toggles": {
                "minecraft:attribute_modifiers": false
              }
            },
            {
              "function": "minecraft:set_enchantments",
              "enchantments": {
                "minecraft:sharpness": {
                  "min": 1,
                  "max": 5
                },
                "minecraft:bane_of_arthropods": {
                  "min": 1,
                  "max": 5
                },
                "minecraft:smite": {
                  "min": 1,
                  "max": 5
                },
                "minecraft:looting": {
                  "min": 1,
                  "max": 5
                }
              },
              "add": true
            },
            {
              "function": "minecraft:set_lore",
              "lore": [
                {
                  "text": "  "
                },
                {
                  "text": "When in Main Hand:",
                  "color": "gray",
                  "italic": false
                },
                {
                  "text": " 13 Attack Damage",
                  "color": "dark_green",
                  "italic": false
                },
                {
                  "text": " 2.10 Attack Speed",
                  "color": "dark_green",
                  "italic": false
                }
              ],
               "mode": "append"
            }
          ]
        },
        {
          "type": "minecraft:item",
          "weight": 1,
          "name": "minecraft:golden_sword",
          "functions": [
            {
              "function": "minecraft:set_components",
              "components": {
                "minecraft:repair_cost": 9999,
                "minecraft:unbreakable": {},
                "minecraft:custom_name": "{\"text\":\"Assassin's Blade\",\"color\":\"gold\",\"italic\":false}",
                "minecraft:lore": [
                  "{\"text\":\"\",\"color\":\"white\",\"italic\":false}",
                  "{\"text\":\"Ability:\",\"color\":\"green\",\"italic\":false}",
                  "{\"text\":\"Early strikes deal double \",\"color\":\"gray\",\"italic\":false}",
                  "{\"text\":\"damage for 3 seconds. \",\"color\":\"gray\",\"italic\":false}",
                  "{\"text\":\"Cooldown 25 seconds.\",\"color\":\"gray\",\"italic\":false}"
                ],
                "minecraft:custom_data": {
                  "weapon": "assassin_blade",
                  "mt": "weapon"
                }
              }
            },
            {
              "function": "minecraft:set_attributes",
              "modifiers": [
                {
                  "id": "assassin_sword",
                  "attribute": "minecraft:generic.attack_speed",
                  "amount": -1.1,
                  "operation": "add_value",
                  "slot": "mainhand"
                },
                {
                  "id": "assassin_sword",
                  "attribute": "minecraft:generic.attack_damage",
                  "amount": 12,
                  "operation": "add_value",
                  "slot": "mainhand"
                }
              ]
            },
            {
              "function": "minecraft:toggle_tooltips",
              "toggles": {
                "minecraft:attribute_modifiers": false
              }
            },
            {
              "function": "minecraft:set_enchantments",
              "enchantments": {
                "minecraft:sharpness": {
                  "min": 1,
                  "max": 5
                },
                "minecraft:bane_of_arthropods": {
                  "min": 1,
                  "max": 5
                },
                "minecraft:smite": {
                  "min": 1,
                  "max": 5
                },
                "minecraft:looting": {
                  "min": 1,
                  "max": 5
                }
              },
              "add": true
            },
            {
              "function": "minecraft:set_lore",
              "lore": [
                {
                  "text": "  "
                },
                {
                  "text": "When in Main Hand:",
                  "color": "gray",
                  "italic": false
                },
                {
                  "text": " 13 Attack Damage",
                  "color": "dark_green",
                  "italic": false
                },
                {
                  "text": " 2.75 Attack Speed",
                  "color": "dark_green",
                  "italic": false
                }
              ],
               "mode": "append"
            }
          ]
        },
        {
          "type": "minecraft:item",
          "weight": 1,
          "name": "minecraft:golden_sword",
          "functions": [
            {
              "function": "minecraft:set_components",
              "components": {
                "minecraft:repair_cost": 9999,
                "minecraft:unbreakable": {},
                "minecraft:custom_name": "{\"text\":\"Assassin's Blade\",\"color\":\"gold\",\"italic\":false}",
                "minecraft:lore": [
                  "{\"text\":\"\",\"color\":\"white\",\"italic\":false}",
                  "{\"text\":\"Ability:\",\"color\":\"green\",\"italic\":false}",
                  "{\"text\":\"Early strikes deal double \",\"color\":\"gray\",\"italic\":false}",
                  "{\"text\":\"damage for 3 seconds. \",\"color\":\"gray\",\"italic\":false}",
                  "{\"text\":\"Cooldown 25 seconds.\",\"color\":\"gray\",\"italic\":false}"
                ],
                "minecraft:custom_data": {
                  "weapon": "assassin_blade",
                  "mt": "weapon"
                }
              }
            },
            {
              "function": "minecraft:set_attributes",
              "modifiers": [
                {
                  "id": "assassin_sword",
                  "attribute": "minecraft:generic.attack_speed",
                  "amount": -0.75,
                  "operation": "add_value",
                  "slot": "mainhand"
                },
                {
                  "id": "assassin_sword",
                  "attribute": "minecraft:generic.attack_damage",
                  "amount": 12,
                  "operation": "add_value",
                  "slot": "mainhand"
                }
              ]
            },
            {
              "function": "minecraft:toggle_tooltips",
              "toggles": {
                "minecraft:attribute_modifiers": false
              }
            },
            {
              "function": "minecraft:set_enchantments",
              "enchantments": {
                "minecraft:sharpness": {
                  "min": 1,
                  "max": 5
                },
                "minecraft:bane_of_arthropods": {
                  "min": 1,
                  "max": 5
                },
                "minecraft:smite": {
                  "min": 1,
                  "max": 5
                },
                "minecraft:looting": {
                  "min": 1,
                  "max": 5
                }
              },
              "add": true
            },
            {
              "function": "minecraft:set_lore",
              "lore": [
                {
                  "text": "  "
                },
                {
                  "text": "When in Main Hand:",
                  "color": "gray",
                  "italic": false
                },
                {
                  "text": " 13 Attack Damage",
                  "color": "dark_green",
                  "italic": false
                },
                {
                  "text": " 3.10 Attack Speed",
                  "color": "dark_green",
                  "italic": false
                }
              ],
               "mode": "append"
            }
          ]
        },
        {
          "type": "minecraft:item",
          "weight": 1,
          "name": "minecraft:golden_sword",
          "functions": [
            {
              "function": "minecraft:set_components",
              "components": {
                "minecraft:repair_cost": 9999,
                "minecraft:unbreakable": {},
                "minecraft:custom_name": "{\"text\":\"Assassin's Blade\",\"color\":\"gold\",\"italic\":false}",
                "minecraft:lore": [
                  "{\"text\":\"\",\"color\":\"white\",\"italic\":false}",
                  "{\"text\":\"Ability:\",\"color\":\"green\",\"italic\":false}",
                  "{\"text\":\"Early strikes deal double \",\"color\":\"gray\",\"italic\":false}",
                  "{\"text\":\"damage for 3 seconds. \",\"color\":\"gray\",\"italic\":false}",
                  "{\"text\":\"Cooldown 25 seconds.\",\"color\":\"gray\",\"italic\":false}"
                ],
                "minecraft:custom_data": {
                  "weapon": "assassin_blade",
                  "mt": "weapon"
                }
              }
            },
            {
              "function": "minecraft:set_attributes",
              "modifiers": [
                {
                  "id": "assassin_sword",
                  "attribute": "minecraft:generic.attack_speed",
                  "amount": -2.1,
                  "operation": "add_value",
                  "slot": "mainhand"
                },
                {
                  "id": "assassin_sword",
                  "attribute": "minecraft:generic.attack_damage",
                  "amount": 13,
                  "operation": "add_value",
                  "slot": "mainhand"
                }
              ]
            },
            {
              "function": "minecraft:toggle_tooltips",
              "toggles": {
                "minecraft:attribute_modifiers": false
              }
            },
            {
              "function": "minecraft:set_enchantments",
              "enchantments": {
                "minecraft:sharpness": {
                  "min": 1,
                  "max": 5
                },
                "minecraft:bane_of_arthropods": {
                  "min": 1,
                  "max": 5
                },
                "minecraft:smite": {
                  "min": 1,
                  "max": 5
                },
                "minecraft:looting": {
                  "min": 1,
                  "max": 5
                }
              },
              "add": true
            },
            {
              "function": "minecraft:set_lore",
              "lore": [
                {
                  "text": "  "
                },
                {
                  "text": "When in Main Hand:",
                  "color": "gray",
                  "italic": false
                },
                {
                  "text": " 14 Attack Damage",
                  "color": "dark_green",
                  "italic": false
                },
                {
                  "text": " 1.75 Attack Speed",
                  "color": "dark_green",
                  "italic": false
                }
              ],
               "mode": "append"
            }
          ]
        },
        {
          "type": "minecraft:item",
          "weight": 1,
          "name": "minecraft:golden_sword",
          "functions": [
            {
              "function": "minecraft:set_components",
              "components": {
                "minecraft:repair_cost": 9999,
                "minecraft:unbreakable": {},
                "minecraft:custom_name": "{\"text\":\"Assassin's Blade\",\"color\":\"gold\",\"italic\":false}",
                "minecraft:lore": [
                  "{\"text\":\"\",\"color\":\"white\",\"italic\":false}",
                  "{\"text\":\"Ability:\",\"color\":\"green\",\"italic\":false}",
                  "{\"text\":\"Early strikes deal double \",\"color\":\"gray\",\"italic\":false}",
                  "{\"text\":\"damage for 3 seconds. \",\"color\":\"gray\",\"italic\":false}",
                  "{\"text\":\"Cooldown 25 seconds.\",\"color\":\"gray\",\"italic\":false}"
                ],
                "minecraft:custom_data": {
                  "weapon": "assassin_blade",
                  "mt": "weapon"
                }
              }
            },
            {
              "function": "minecraft:set_attributes",
              "modifiers": [
                {
                  "id": "assassin_sword",
                  "attribute": "minecraft:generic.attack_speed",
                  "amount": -1.75,
                  "operation": "add_value",
                  "slot": "mainhand"
                },
                {
                  "id": "assassin_sword",
                  "attribute": "minecraft:generic.attack_damage",
                  "amount": 13,
                  "operation": "add_value",
                  "slot": "mainhand"
                }
              ]
            },
            {
              "function": "minecraft:toggle_tooltips",
              "toggles": {
                "minecraft:attribute_modifiers": false
              }
            },
            {
              "function": "minecraft:set_enchantments",
              "enchantments": {
                "minecraft:sharpness": {
                  "min": 1,
                  "max": 5
                },
                "minecraft:bane_of_arthropods": {
                  "min": 1,
                  "max": 5
                },
                "minecraft:smite": {
                  "min": 1,
                  "max": 5
                },
                "minecraft:looting": {
                  "min": 1,
                  "max": 5
                }
              },
              "add": true
            },
            {
              "function": "minecraft:set_lore",
              "lore": [
                {
                  "text": "  "
                },
                {
                  "text": "When in Main Hand:",
                  "color": "gray",
                  "italic": false
                },
                {
                  "text": " 14 Attack Damage",
                  "color": "dark_green",
                  "italic": false
                },
                {
                  "text": " 2.10 Attack Speed",
                  "color": "dark_green",
                  "italic": false
                }
              ],
               "mode": "append"
            }
          ]
        },
        {
          "type": "minecraft:item",
          "weight": 1,
          "name": "minecraft:golden_sword",
          "functions": [
            {
              "function": "minecraft:set_components",
              "components": {
                "minecraft:repair_cost": 9999,
                "minecraft:unbreakable": {},
                "minecraft:custom_name": "{\"text\":\"Assassin's Blade\",\"color\":\"gold\",\"italic\":false}",
                "minecraft:lore": [
                  "{\"text\":\"\",\"color\":\"white\",\"italic\":false}",
                  "{\"text\":\"Ability:\",\"color\":\"green\",\"italic\":false}",
                  "{\"text\":\"Early strikes deal double \",\"color\":\"gray\",\"italic\":false}",
                  "{\"text\":\"damage for 3 seconds. \",\"color\":\"gray\",\"italic\":false}",
                  "{\"text\":\"Cooldown 25 seconds.\",\"color\":\"gray\",\"italic\":false}"
                ],
                "minecraft:custom_data": {
                  "weapon": "assassin_blade",
                  "mt": "weapon"
                }
              }
            },
            {
              "function": "minecraft:set_attributes",
              "modifiers": [
                {
                  "id": "assassin_sword",
                  "attribute": "minecraft:generic.attack_speed",
                  "amount": -1.1,
                  "operation": "add_value",
                  "slot": "mainhand"
                },
                {
                  "id": "assassin_sword",
                  "attribute": "minecraft:generic.attack_damage",
                  "amount": 13,
                  "operation": "add_value",
                  "slot": "mainhand"
                }
              ]
            },
            {
              "function": "minecraft:toggle_tooltips",
              "toggles": {
                "minecraft:attribute_modifiers": false
              }
            },
            {
              "function": "minecraft:set_enchantments",
              "enchantments": {
                "minecraft:sharpness": {
                  "min": 1,
                  "max": 5
                },
                "minecraft:bane_of_arthropods": {
                  "min": 1,
                  "max": 5
                },
                "minecraft:smite": {
                  "min": 1,
                  "max": 5
                },
                "minecraft:looting": {
                  "min": 1,
                  "max": 5
                }
              },
              "add": true
            },
            {
              "function": "minecraft:set_lore",
              "lore": [
                {
                  "text": "  "
                },
                {
                  "text": "When in Main Hand:",
                  "color": "gray",
                  "italic": false
                },
                {
                  "text": " 14 Attack Damage",
                  "color": "dark_green",
                  "italic": false
                },
                {
                  "text": " 2.75 Attack Speed",
                  "color": "dark_green",
                  "italic": false
                }
              ],
               "mode": "append"
            }
          ]
        },
        {
          "type": "minecraft:item",
          "weight": 1,
          "name": "minecraft:golden_sword",
          "functions": [
            {
              "function": "minecraft:set_components",
              "components": {
                "minecraft:repair_cost": 9999,
                "minecraft:unbreakable": {},
                "minecraft:custom_name": "{\"text\":\"Assassin's Blade\",\"color\":\"gold\",\"italic\":false}",
                "minecraft:lore": [
                  "{\"text\":\"\",\"color\":\"white\",\"italic\":false}",
                  "{\"text\":\"Ability:\",\"color\":\"green\",\"italic\":false}",
                  "{\"text\":\"Early strikes deal double \",\"color\":\"gray\",\"italic\":false}",
                  "{\"text\":\"damage for 3 seconds. \",\"color\":\"gray\",\"italic\":false}",
                  "{\"text\":\"Cooldown 25 seconds.\",\"color\":\"gray\",\"italic\":false}"
                ],
                "minecraft:custom_data": {
                  "weapon": "assassin_blade",
                  "mt": "weapon"
                }
              }
            },
            {
              "function": "minecraft:set_attributes",
              "modifiers": [
                {
                  "id": "assassin_sword",
                  "attribute": "minecraft:generic.attack_speed",
                  "amount": -0.75,
                  "operation": "add_value",
                  "slot": "mainhand"
                },
                {
                  "id": "assassin_sword",
                  "attribute": "minecraft:generic.attack_damage",
                  "amount": 13,
                  "operation": "add_value",
                  "slot": "mainhand"
                }
              ]
            },
            {
              "function": "minecraft:toggle_tooltips",
              "toggles": {
                "minecraft:attribute_modifiers": false
              }
            },
            {
              "function": "minecraft:set_enchantments",
              "enchantments": {
                "minecraft:sharpness": {
                  "min": 1,
                  "max": 5
                },
                "minecraft:bane_of_arthropods": {
                  "min": 1,
                  "max": 5
                },
                "minecraft:smite": {
                  "min": 1,
                  "max": 5
                },
                "minecraft:looting": {
                  "min": 1,
                  "max": 5
                }
              },
              "add": true
            },
            {
              "function": "minecraft:set_lore",
              "lore": [
                {
                  "text": "  "
                },
                {
                  "text": "When in Main Hand:",
                  "color": "gray",
                  "italic": false
                },
                {
                  "text": " 14 Attack Damage",
                  "color": "dark_green",
                  "italic": false
                },
                {
                  "text": " 3.10 Attack Speed",
                  "color": "dark_green",
                  "italic": false
                }
              ],
               "mode": "append"
            }
          ]
        }
      ]
    }
  ]
}
