{
  "pools": [
    {
      "rolls": 1,
      "entries": [
        {
          "type": "item",
          "weight": 1,
          "name": "minecraft:leather_chestplate",
          "functions": [
            {
              "function": "set_count",
              "count": 1
            },
            {
              "function": "minecraft:set_components",
              "components": {
                "minecraft:repair_cost": 99999,
                "minecraft:unbreakable": {},
                "minecraft:custom_name": "{\"text\":\"Desert Chestplate\",\"color\":\"gold\",\"italic\":false}",
                "minecraft:lore": [
                  "{\"text\":\" \"}",
                  "{\"text\":\"Ability:\",\"color\":\"green\",\"italic\":false}",
                  "{\"text\":\"Increases attack damage by \",\"color\":\"gray\",\"italic\":false}",
                  "{\"text\":\"15% when under 5 hearts and \",\"color\":\"gray\",\"italic\":false}",
                  "{\"text\":\"30% when under 2.5 hearts. \",\"color\":\"gray\",\"italic\":false}"
                ],
                "minecraft:dyed_color": {
                  "rgb": 16771415,
                  "show_in_tooltip": false
                },
                "minecraft:custom_data": {
                  "armor": "desert_chestplate",
                  "mt": "armor"
                }
              }
            },
            {
              "function": "minecraft:set_enchantments",
              "enchantments": {
                "minecraft:protection": {
                  "min": 2,
                  "max": 6
                },
                "minecraft:projectile_protection": {
                  "min": 3,
                  "max": 9
                },
                "minecraft:blast_protection": {
                  "min": 5,
                  "max": 10
                },
                "minecraft:fire_protection": {
                  "min": 1,
                  "max": 10
                }
              }
            },
            {
              "function": "minecraft:set_attributes",
              "modifiers": [
                {
                  "id": "desert_chestplate",
                  "attribute": "minecraft:generic.knockback_resistance",
                  "amount": 0.1,
                  "operation": "add_value",
                  "slot": "chest"
                },
                {
                  "id": "desert_chestplate",
                  "attribute": "minecraft:generic.attack_damage",
                  "amount": 0.025,
                  "operation": "add_multiplied_base",
                  "slot": "chest"
                },
                {
                  "id": "desert_chestplate",
                  "attribute": "minecraft:generic.armor_toughness",
                  "amount": 3,
                  "operation": "add_value",
                  "slot": "chest"
                },
                {
                  "id": "desert_chestplate",
                  "attribute": "minecraft:generic.armor",
                  "amount": 8,
                  "operation": "add_value",
                  "slot": "chest"
                }
              ]
            }
          ]
        },
        {
          "type": "item",
          "weight": 1,
          "name": "minecraft:leather_chestplate",
          "functions": [
            {
              "function": "set_count",
              "count": 1
            },
            {
              "function": "minecraft:set_components",
              "components": {
                "minecraft:repair_cost": 99999,
                "minecraft:unbreakable": {},
                "minecraft:custom_name": "{\"text\":\"Desert Chestplate\",\"color\":\"gold\",\"italic\":false}",
                "minecraft:lore": [
                  "{\"text\":\" \"}",
                  "{\"text\":\"Ability:\",\"color\":\"green\",\"italic\":false}",
                  "{\"text\":\"Increases attack damage by \",\"color\":\"gray\",\"italic\":false}",
                  "{\"text\":\"15% when under 5 hearts and \",\"color\":\"gray\",\"italic\":false}",
                  "{\"text\":\"30% when under 2.5 hearts. \",\"color\":\"gray\",\"italic\":false}"
                ],
                "minecraft:dyed_color": {
                  "rgb": 16771415,
                  "show_in_tooltip": false
                },
                "minecraft:custom_data": {
                  "armor": "desert_chestplate",
                  "mt": "armor"
                }
              }
            },
            {
              "function": "minecraft:set_enchantments",
              "enchantments": {
                "minecraft:protection": {
                  "min": 2,
                  "max": 6
                },
                "minecraft:projectile_protection": {
                  "min": 3,
                  "max": 9
                },
                "minecraft:blast_protection": {
                  "min": 5,
                  "max": 10
                },
                "minecraft:fire_protection": {
                  "min": 1,
                  "max": 10
                }
              }
            },
            {
              "function": "minecraft:set_attributes",
              "modifiers": [
                {
                  "id": "desert_chestplate",
                  "attribute": "minecraft:generic.knockback_resistance",
                  "amount": 0.1,
                  "operation": "add_value",
                  "slot": "chest"
                },
                {
                  "id": "desert_chestplate",
                  "attribute": "minecraft:generic.attack_damage",
                  "amount": 0.025,
                  "operation": "add_multiplied_base",
                  "slot": "chest"
                },
                {
                  "id": "desert_chestplate",
                  "attribute": "minecraft:generic.armor_toughness",
                  "amount": 3.5,
                  "operation": "add_value",
                  "slot": "chest"
                },
                {
                  "id": "desert_chestplate",
                  "attribute": "minecraft:generic.armor",
                  "amount": 8.5,
                  "operation": "add_value",
                  "slot": "chest"
                }
              ]
            }
          ]
        },
        {
          "type": "item",
          "weight": 1,
          "name": "minecraft:leather_chestplate",
          "functions": [
            {
              "function": "set_count",
              "count": 1
            },
            {
              "function": "minecraft:set_components",
              "components": {
                "minecraft:repair_cost": 99999,
                "minecraft:unbreakable": {},
                "minecraft:custom_name": "{\"text\":\"Desert Chestplate\",\"color\":\"gold\",\"italic\":false}",
                "minecraft:lore": [
                  "{\"text\":\" \"}",
                  "{\"text\":\"Ability:\",\"color\":\"green\",\"italic\":false}",
                  "{\"text\":\"Increases attack damage by \",\"color\":\"gray\",\"italic\":false}",
                  "{\"text\":\"15% when under 5 hearts and \",\"color\":\"gray\",\"italic\":false}",
                  "{\"text\":\"30% when under 2.5 hearts. \",\"color\":\"gray\",\"italic\":false}"
                ],
                "minecraft:dyed_color": {
                  "rgb": 16771415,
                  "show_in_tooltip": false
                },
                "minecraft:custom_data": {
                  "armor": "desert_chestplate",
                  "mt": "armor"
                }
              }
            },
            {
              "function": "minecraft:set_enchantments",
              "enchantments": {
                "minecraft:protection": {
                  "min": 2,
                  "max": 6
                },
                "minecraft:projectile_protection": {
                  "min": 3,
                  "max": 9
                },
                "minecraft:blast_protection": {
                  "min": 5,
                  "max": 10
                },
                "minecraft:fire_protection": {
                  "min": 1,
                  "max": 10
                }
              }
            },
            {
              "function": "minecraft:set_attributes",
              "modifiers": [
                {
                  "id": "desert_chestplate",
                  "attribute": "minecraft:generic.knockback_resistance",
                  "amount": 0.1,
                  "operation": "add_value",
                  "slot": "chest"
                },
                {
                  "id": "desert_chestplate",
                  "attribute": "minecraft:generic.attack_damage",
                  "amount": 0.025,
                  "operation": "add_multiplied_base",
                  "slot": "chest"
                },
                {
                  "id": "desert_chestplate",
                  "attribute": "minecraft:generic.armor_toughness",
                  "amount": 4,
                  "operation": "add_value",
                  "slot": "chest"
                },
                {
                  "id": "desert_chestplate",
                  "attribute": "minecraft:generic.armor",
                  "amount": 9,
                  "operation": "add_value",
                  "slot": "chest"
                }
              ]
            }
          ]
        },
        {
          "type": "item",
          "weight": 1,
          "name": "minecraft:leather_chestplate",
          "functions": [
            {
              "function": "set_count",
              "count": 1
            },
            {
              "function": "minecraft:set_components",
              "components": {
                "minecraft:repair_cost": 99999,
                "minecraft:unbreakable": {},
                "minecraft:custom_name": "{\"text\":\"Desert Chestplate\",\"color\":\"gold\",\"italic\":false}",
                "minecraft:lore": [
                  "{\"text\":\" \"}",
                  "{\"text\":\"Ability:\",\"color\":\"green\",\"italic\":false}",
                  "{\"text\":\"Increases attack damage by \",\"color\":\"gray\",\"italic\":false}",
                  "{\"text\":\"15% when under 5 hearts and \",\"color\":\"gray\",\"italic\":false}",
                  "{\"text\":\"30% when under 2.5 hearts. \",\"color\":\"gray\",\"italic\":false}"
                ],
                "minecraft:dyed_color": {
                  "rgb": 16771415,
                  "show_in_tooltip": false
                },
                "minecraft:custom_data": {
                  "armor": "desert_chestplate",
                  "mt": "armor"
                }
              }
            },
            {
              "function": "minecraft:set_enchantments",
              "enchantments": {
                "minecraft:protection": {
                  "min": 2,
                  "max": 6
                },
                "minecraft:projectile_protection": {
                  "min": 3,
                  "max": 9
                },
                "minecraft:blast_protection": {
                  "min": 5,
                  "max": 10
                },
                "minecraft:fire_protection": {
                  "min": 1,
                  "max": 10
                }
              }
            },
            {
              "function": "minecraft:set_attributes",
              "modifiers": [
                {
                  "id": "desert_chestplate",
                  "attribute": "minecraft:generic.knockback_resistance",
                  "amount": 0.1,
                  "operation": "add_value",
                  "slot": "chest"
                },
                {
                  "id": "desert_chestplate",
                  "attribute": "minecraft:generic.attack_damage",
                  "amount": 0.025,
                  "operation": "add_multiplied_base",
                  "slot": "chest"
                },
                {
                  "id": "desert_chestplate",
                  "attribute": "minecraft:generic.armor_toughness",
                  "amount": 4.5,
                  "operation": "add_value",
                  "slot": "chest"
                },
                {
                  "id": "desert_chestplate",
                  "attribute": "minecraft:generic.armor",
                  "amount": 9.5,
                  "operation": "add_value",
                  "slot": "chest"
                }
              ]
            }
          ]
        },
        {
          "type": "item",
          "weight": 1,
          "name": "minecraft:leather_chestplate",
          "functions": [
            {
              "function": "set_count",
              "count": 1
            },
            {
              "function": "minecraft:set_components",
              "components": {
                "minecraft:repair_cost": 99999,
                "minecraft:unbreakable": {},
                "minecraft:custom_name": "{\"text\":\"Desert Chestplate\",\"color\":\"gold\",\"italic\":false}",
                "minecraft:lore": [
                  "{\"text\":\" \"}",
                  "{\"text\":\"Ability:\",\"color\":\"green\",\"italic\":false}",
                  "{\"text\":\"Increases attack damage by \",\"color\":\"gray\",\"italic\":false}",
                  "{\"text\":\"15% when under 5 hearts and \",\"color\":\"gray\",\"italic\":false}",
                  "{\"text\":\"30% when under 2.5 hearts. \",\"color\":\"gray\",\"italic\":false}"
                ],
                "minecraft:dyed_color": {
                  "rgb": 16771415,
                  "show_in_tooltip": false
                },
                "minecraft:custom_data": {
                  "armor": "desert_chestplate",
                  "mt": "armor"
                }
              }
            },
            {
              "function": "minecraft:set_enchantments",
              "enchantments": {
                "minecraft:protection": {
                  "min": 2,
                  "max": 6
                },
                "minecraft:projectile_protection": {
                  "min": 3,
                  "max": 9
                },
                "minecraft:blast_protection": {
                  "min": 5,
                  "max": 10
                },
                "minecraft:fire_protection": {
                  "min": 1,
                  "max": 10
                }
              }
            },
            {
              "function": "minecraft:set_attributes",
              "modifiers": [
                {
                  "id": "desert_chestplate",
                  "attribute": "minecraft:generic.knockback_resistance",
                  "amount": 0.1,
                  "operation": "add_value",
                  "slot": "chest"
                },
                {
                  "id": "desert_chestplate",
                  "attribute": "minecraft:generic.attack_damage",
                  "amount": 0.025,
                  "operation": "add_multiplied_base",
                  "slot": "chest"
                },
                {
                  "id": "desert_chestplate",
                  "attribute": "minecraft:generic.armor_toughness",
                  "amount": 5,
                  "operation": "add_value",
                  "slot": "chest"
                },
                {
                  "id": "desert_chestplate",
                  "attribute": "minecraft:generic.armor",
                  "amount": 10,
                  "operation": "add_value",
                  "slot": "chest"
                }
              ]
            }
          ]
        },
        {
          "type": "item",
          "weight": 1,
          "name": "minecraft:leather_chestplate",
          "functions": [
            {
              "function": "set_count",
              "count": 1
            },
            {
              "function": "minecraft:set_components",
              "components": {
                "minecraft:repair_cost": 99999,
                "minecraft:unbreakable": {},
                "minecraft:custom_name": "{\"text\":\"Desert Chestplate\",\"color\":\"gold\",\"italic\":false}",
                "minecraft:lore": [
                  "{\"text\":\" \"}",
                  "{\"text\":\"Ability:\",\"color\":\"green\",\"italic\":false}",
                  "{\"text\":\"Increases attack damage by \",\"color\":\"gray\",\"italic\":false}",
                  "{\"text\":\"15% when under 5 hearts and \",\"color\":\"gray\",\"italic\":false}",
                  "{\"text\":\"30% when under 2.5 hearts. \",\"color\":\"gray\",\"italic\":false}"
                ],
                "minecraft:dyed_color": {
                  "rgb": 16771415,
                  "show_in_tooltip": false
                },
                "minecraft:custom_data": {
                  "armor": "desert_chestplate",
                  "mt": "armor"
                }
              }
            },
            {
              "function": "minecraft:set_enchantments",
              "enchantments": {
                "minecraft:protection": {
                  "min": 2,
                  "max": 6
                },
                "minecraft:projectile_protection": {
                  "min": 3,
                  "max": 9
                },
                "minecraft:blast_protection": {
                  "min": 5,
                  "max": 10
                },
                "minecraft:fire_protection": {
                  "min": 1,
                  "max": 10
                }
              }
            },
            {
              "function": "minecraft:set_attributes",
              "modifiers": [
                {
                  "id": "desert_chestplate",
                  "attribute": "minecraft:generic.knockback_resistance",
                  "amount": 0.1,
                  "operation": "add_value",
                  "slot": "chest"
                },
                {
                  "id": "desert_chestplate",
                  "attribute": "minecraft:generic.attack_damage",
                  "amount": 0.025,
                  "operation": "add_multiplied_base",
                  "slot": "chest"
                },
                {
                  "id": "desert_chestplate",
                  "attribute": "minecraft:generic.armor_toughness",
                  "amount": 3,
                  "operation": "add_value",
                  "slot": "chest"
                },
                {
                  "id": "desert_chestplate",
                  "attribute": "minecraft:generic.armor",
                  "amount": 7,
                  "operation": "add_value",
                  "slot": "chest"
                }
              ]
            }
          ]
        },
        {
          "type": "item",
          "weight": 1,
          "name": "minecraft:leather_chestplate",
          "functions": [
            {
              "function": "set_count",
              "count": 1
            },
            {
              "function": "minecraft:set_components",
              "components": {
                "minecraft:repair_cost": 99999,
                "minecraft:unbreakable": {},
                "minecraft:custom_name": "{\"text\":\"Desert Chestplate\",\"color\":\"gold\",\"italic\":false}",
                "minecraft:lore": [
                  "{\"text\":\" \"}",
                  "{\"text\":\"Ability:\",\"color\":\"green\",\"italic\":false}",
                  "{\"text\":\"Increases attack damage by \",\"color\":\"gray\",\"italic\":false}",
                  "{\"text\":\"15% when under 5 hearts and \",\"color\":\"gray\",\"italic\":false}",
                  "{\"text\":\"30% when under 2.5 hearts. \",\"color\":\"gray\",\"italic\":false}"
                ],
                "minecraft:dyed_color": {
                  "rgb": 16771415,
                  "show_in_tooltip": false
                },
                "minecraft:custom_data": {
                  "armor": "desert_chestplate",
                  "mt": "armor"
                }
              }
            },
            {
              "function": "minecraft:set_enchantments",
              "enchantments": {
                "minecraft:protection": {
                  "min": 2,
                  "max": 6
                },
                "minecraft:projectile_protection": {
                  "min": 3,
                  "max": 9
                },
                "minecraft:blast_protection": {
                  "min": 5,
                  "max": 10
                },
                "minecraft:fire_protection": {
                  "min": 1,
                  "max": 10
                }
              }
            },
            {
              "function": "minecraft:set_attributes",
              "modifiers": [
                {
                  "id": "desert_chestplate",
                  "attribute": "minecraft:generic.knockback_resistance",
                  "amount": 0.1,
                  "operation": "add_value",
                  "slot": "chest"
                },
                {
                  "id": "desert_chestplate",
                  "attribute": "minecraft:generic.attack_damage",
                  "amount": 0.025,
                  "operation": "add_multiplied_base",
                  "slot": "chest"
                },
                {
                  "id": "desert_chestplate",
                  "attribute": "minecraft:generic.armor_toughness",
                  "amount": 3,
                  "operation": "add_value",
                  "slot": "chest"
                },
                {
                  "id": "desert_chestplate",
                  "attribute": "minecraft:generic.armor",
                  "amount": 8.5,
                  "operation": "add_value",
                  "slot": "chest"
                }
              ]
            }
          ]
        },
        {
          "type": "item",
          "weight": 1,
          "name": "minecraft:leather_chestplate",
          "functions": [
            {
              "function": "set_count",
              "count": 1
            },
            {
              "function": "minecraft:set_components",
              "components": {
                "minecraft:repair_cost": 99999,
                "minecraft:unbreakable": {},
                "minecraft:custom_name": "{\"text\":\"Desert Chestplate\",\"color\":\"gold\",\"italic\":false}",
                "minecraft:lore": [
                  "{\"text\":\" \"}",
                  "{\"text\":\"Ability:\",\"color\":\"green\",\"italic\":false}",
                  "{\"text\":\"Increases attack damage by \",\"color\":\"gray\",\"italic\":false}",
                  "{\"text\":\"15% when under 5 hearts and \",\"color\":\"gray\",\"italic\":false}",
                  "{\"text\":\"30% when under 2.5 hearts. \",\"color\":\"gray\",\"italic\":false}"
                ],
                "minecraft:dyed_color": {
                  "rgb": 16771415,
                  "show_in_tooltip": false
                },
                "minecraft:custom_data": {
                  "armor": "desert_chestplate",
                  "mt": "armor"
                }
              }
            },
            {
              "function": "minecraft:set_enchantments",
              "enchantments": {
                "minecraft:protection": {
                  "min": 2,
                  "max": 6
                },
                "minecraft:projectile_protection": {
                  "min": 3,
                  "max": 9
                },
                "minecraft:blast_protection": {
                  "min": 5,
                  "max": 10
                },
                "minecraft:fire_protection": {
                  "min": 1,
                  "max": 10
                }
              }
            },
            {
              "function": "minecraft:set_attributes",
              "modifiers": [
                {
                  "id": "desert_chestplate",
                  "attribute": "minecraft:generic.knockback_resistance",
                  "amount": 0.1,
                  "operation": "add_value",
                  "slot": "chest"
                },
                {
                  "id": "desert_chestplate",
                  "attribute": "minecraft:generic.attack_damage",
                  "amount": 0.025,
                  "operation": "add_multiplied_base",
                  "slot": "chest"
                },
                {
                  "id": "desert_chestplate",
                  "attribute": "minecraft:generic.armor_toughness",
                  "amount": 3,
                  "operation": "add_value",
                  "slot": "chest"
                },
                {
                  "id": "desert_chestplate",
                  "attribute": "minecraft:generic.armor",
                  "amount": 9,
                  "operation": "add_value",
                  "slot": "chest"
                }
              ]
            }
          ]
        },
        {
          "type": "item",
          "weight": 1,
          "name": "minecraft:leather_chestplate",
          "functions": [
            {
              "function": "set_count",
              "count": 1
            },
            {
              "function": "minecraft:set_components",
              "components": {
                "minecraft:repair_cost": 99999,
                "minecraft:unbreakable": {},
                "minecraft:custom_name": "{\"text\":\"Desert Chestplate\",\"color\":\"gold\",\"italic\":false}",
                "minecraft:lore": [
                  "{\"text\":\" \"}",
                  "{\"text\":\"Ability:\",\"color\":\"green\",\"italic\":false}",
                  "{\"text\":\"Increases attack damage by \",\"color\":\"gray\",\"italic\":false}",
                  "{\"text\":\"15% when under 5 hearts and \",\"color\":\"gray\",\"italic\":false}",
                  "{\"text\":\"30% when under 2.5 hearts. \",\"color\":\"gray\",\"italic\":false}"
                ],
                "minecraft:dyed_color": {
                  "rgb": 16771415,
                  "show_in_tooltip": false
                },
                "minecraft:custom_data": {
                  "armor": "desert_chestplate",
                  "mt": "armor"
                }
              }
            },
            {
              "function": "minecraft:set_enchantments",
              "enchantments": {
                "minecraft:protection": {
                  "min": 2,
                  "max": 6
                },
                "minecraft:projectile_protection": {
                  "min": 3,
                  "max": 9
                },
                "minecraft:blast_protection": {
                  "min": 5,
                  "max": 10
                },
                "minecraft:fire_protection": {
                  "min": 1,
                  "max": 10
                }
              }
            },
            {
              "function": "minecraft:set_attributes",
              "modifiers": [
                {
                  "id": "desert_chestplate",
                  "attribute": "minecraft:generic.knockback_resistance",
                  "amount": 0.1,
                  "operation": "add_value",
                  "slot": "chest"
                },
                {
                  "id": "desert_chestplate",
                  "attribute": "minecraft:generic.attack_damage",
                  "amount": 0.025,
                  "operation": "add_multiplied_base",
                  "slot": "chest"
                },
                {
                  "id": "desert_chestplate",
                  "attribute": "minecraft:generic.armor_toughness",
                  "amount": 3,
                  "operation": "add_value",
                  "slot": "chest"
                },
                {
                  "id": "desert_chestplate",
                  "attribute": "minecraft:generic.armor",
                  "amount": 9.5,
                  "operation": "add_value",
                  "slot": "chest"
                }
              ]
            }
          ]
        },
        {
          "type": "item",
          "weight": 1,
          "name": "minecraft:leather_chestplate",
          "functions": [
            {
              "function": "set_count",
              "count": 1
            },
            {
              "function": "minecraft:set_components",
              "components": {
                "minecraft:repair_cost": 99999,
                "minecraft:unbreakable": {},
                "minecraft:custom_name": "{\"text\":\"Desert Chestplate\",\"color\":\"gold\",\"italic\":false}",
                "minecraft:lore": [
                  "{\"text\":\" \"}",
                  "{\"text\":\"Ability:\",\"color\":\"green\",\"italic\":false}",
                  "{\"text\":\"Increases attack damage by \",\"color\":\"gray\",\"italic\":false}",
                  "{\"text\":\"15% when under 5 hearts and \",\"color\":\"gray\",\"italic\":false}",
                  "{\"text\":\"30% when under 2.5 hearts. \",\"color\":\"gray\",\"italic\":false}"
                ],
                "minecraft:dyed_color": {
                  "rgb": 16771415,
                  "show_in_tooltip": false
                },
                "minecraft:custom_data": {
                  "armor": "desert_chestplate",
                  "mt": "armor"
                }
              }
            },
            {
              "function": "minecraft:set_enchantments",
              "enchantments": {
                "minecraft:protection": {
                  "min": 2,
                  "max": 6
                },
                "minecraft:projectile_protection": {
                  "min": 3,
                  "max": 9
                },
                "minecraft:blast_protection": {
                  "min": 5,
                  "max": 10
                },
                "minecraft:fire_protection": {
                  "min": 1,
                  "max": 10
                }
              }
            },
            {
              "function": "minecraft:set_attributes",
              "modifiers": [
                {
                  "id": "desert_chestplate",
                  "attribute": "minecraft:generic.knockback_resistance",
                  "amount": 0.1,
                  "operation": "add_value",
                  "slot": "chest"
                },
                {
                  "id": "desert_chestplate",
                  "attribute": "minecraft:generic.attack_damage",
                  "amount": 0.025,
                  "operation": "add_multiplied_base",
                  "slot": "chest"
                },
                {
                  "id": "desert_chestplate",
                  "attribute": "minecraft:generic.armor_toughness",
                  "amount": 3,
                  "operation": "add_value",
                  "slot": "chest"
                },
                {
                  "id": "desert_chestplate",
                  "attribute": "minecraft:generic.armor",
                  "amount": 10,
                  "operation": "add_value",
                  "slot": "chest"
                }
              ]
            }
          ]
        },
        {
          "type": "item",
          "weight": 1,
          "name": "minecraft:leather_chestplate",
          "functions": [
            {
              "function": "set_count",
              "count": 1
            },
            {
              "function": "minecraft:set_components",
              "components": {
                "minecraft:repair_cost": 99999,
                "minecraft:unbreakable": {},
                "minecraft:custom_name": "{\"text\":\"Desert Chestplate\",\"color\":\"gold\",\"italic\":false}",
                "minecraft:lore": [
                  "{\"text\":\" \"}",
                  "{\"text\":\"Ability:\",\"color\":\"green\",\"italic\":false}",
                  "{\"text\":\"Increases attack damage by \",\"color\":\"gray\",\"italic\":false}",
                  "{\"text\":\"15% when under 5 hearts and \",\"color\":\"gray\",\"italic\":false}",
                  "{\"text\":\"30% when under 2.5 hearts. \",\"color\":\"gray\",\"italic\":false}"
                ],
                "minecraft:dyed_color": {
                  "rgb": 16771415,
                  "show_in_tooltip": false
                },
                "minecraft:custom_data": {
                  "armor": "desert_chestplate",
                  "mt": "armor"
                }
              }
            },
            {
              "function": "minecraft:set_enchantments",
              "enchantments": {
                "minecraft:protection": {
                  "min": 2,
                  "max": 6
                },
                "minecraft:projectile_protection": {
                  "min": 3,
                  "max": 9
                },
                "minecraft:blast_protection": {
                  "min": 5,
                  "max": 10
                },
                "minecraft:fire_protection": {
                  "min": 1,
                  "max": 10
                }
              }
            },
            {
              "function": "minecraft:set_attributes",
              "modifiers": [
                {
                  "id": "desert_chestplate",
                  "attribute": "minecraft:generic.knockback_resistance",
                  "amount": 0.1,
                  "operation": "add_value",
                  "slot": "chest"
                },
                {
                  "id": "desert_chestplate",
                  "attribute": "minecraft:generic.attack_damage",
                  "amount": 0.025,
                  "operation": "add_multiplied_base",
                  "slot": "chest"
                },
                {
                  "id": "desert_chestplate",
                  "attribute": "minecraft:generic.armor_toughness",
                  "amount": 3.5,
                  "operation": "add_value",
                  "slot": "chest"
                },
                {
                  "id": "desert_chestplate",
                  "attribute": "minecraft:generic.armor",
                  "amount": 8,
                  "operation": "add_value",
                  "slot": "chest"
                }
              ]
            }
          ]
        },
        {
          "type": "item",
          "weight": 1,
          "name": "minecraft:leather_chestplate",
          "functions": [
            {
              "function": "set_count",
              "count": 1
            },
            {
              "function": "minecraft:set_components",
              "components": {
                "minecraft:repair_cost": 99999,
                "minecraft:unbreakable": {},
                "minecraft:custom_name": "{\"text\":\"Desert Chestplate\",\"color\":\"gold\",\"italic\":false}",
                "minecraft:lore": [
                  "{\"text\":\" \"}",
                  "{\"text\":\"Ability:\",\"color\":\"green\",\"italic\":false}",
                  "{\"text\":\"Increases attack damage by \",\"color\":\"gray\",\"italic\":false}",
                  "{\"text\":\"15% when under 5 hearts and \",\"color\":\"gray\",\"italic\":false}",
                  "{\"text\":\"30% when under 2.5 hearts. \",\"color\":\"gray\",\"italic\":false}"
                ],
                "minecraft:dyed_color": {
                  "rgb": 16771415,
                  "show_in_tooltip": false
                },
                "minecraft:custom_data": {
                  "armor": "desert_chestplate",
                  "mt": "armor"
                }
              }
            },
            {
              "function": "minecraft:set_enchantments",
              "enchantments": {
                "minecraft:protection": {
                  "min": 2,
                  "max": 6
                },
                "minecraft:projectile_protection": {
                  "min": 3,
                  "max": 9
                },
                "minecraft:blast_protection": {
                  "min": 5,
                  "max": 10
                },
                "minecraft:fire_protection": {
                  "min": 1,
                  "max": 10
                }
              }
            },
            {
              "function": "minecraft:set_attributes",
              "modifiers": [
                {
                  "id": "desert_chestplate",
                  "attribute": "minecraft:generic.knockback_resistance",
                  "amount": 0.1,
                  "operation": "add_value",
                  "slot": "chest"
                },
                {
                  "id": "desert_chestplate",
                  "attribute": "minecraft:generic.attack_damage",
                  "amount": 0.025,
                  "operation": "add_multiplied_base",
                  "slot": "chest"
                },
                {
                  "id": "desert_chestplate",
                  "attribute": "minecraft:generic.armor_toughness",
                  "amount": 4,
                  "operation": "add_value",
                  "slot": "chest"
                },
                {
                  "id": "desert_chestplate",
                  "attribute": "minecraft:generic.armor",
                  "amount": 8,
                  "operation": "add_value",
                  "slot": "chest"
                }
              ]
            }
          ]
        },
        {
          "type": "item",
          "weight": 1,
          "name": "minecraft:leather_chestplate",
          "functions": [
            {
              "function": "set_count",
              "count": 1
            },
            {
              "function": "minecraft:set_components",
              "components": {
                "minecraft:repair_cost": 99999,
                "minecraft:unbreakable": {},
                "minecraft:custom_name": "{\"text\":\"Desert Chestplate\",\"color\":\"gold\",\"italic\":false}",
                "minecraft:lore": [
                  "{\"text\":\" \"}",
                  "{\"text\":\"Ability:\",\"color\":\"green\",\"italic\":false}",
                  "{\"text\":\"Increases attack damage by \",\"color\":\"gray\",\"italic\":false}",
                  "{\"text\":\"15% when under 5 hearts and \",\"color\":\"gray\",\"italic\":false}",
                  "{\"text\":\"30% when under 2.5 hearts. \",\"color\":\"gray\",\"italic\":false}"
                ],
                "minecraft:dyed_color": {
                  "rgb": 16771415,
                  "show_in_tooltip": false
                },
                "minecraft:custom_data": {
                  "armor": "desert_chestplate",
                  "mt": "armor"
                }
              }
            },
            {
              "function": "minecraft:set_enchantments",
              "enchantments": {
                "minecraft:protection": {
                  "min": 2,
                  "max": 6
                },
                "minecraft:projectile_protection": {
                  "min": 3,
                  "max": 9
                },
                "minecraft:blast_protection": {
                  "min": 5,
                  "max": 10
                },
                "minecraft:fire_protection": {
                  "min": 1,
                  "max": 10
                }
              }
            },
            {
              "function": "minecraft:set_attributes",
              "modifiers": [
                {
                  "id": "desert_chestplate",
                  "attribute": "minecraft:generic.knockback_resistance",
                  "amount": 0.1,
                  "operation": "add_value",
                  "slot": "chest"
                },
                {
                  "id": "desert_chestplate",
                  "attribute": "minecraft:generic.attack_damage",
                  "amount": 0.025,
                  "operation": "add_multiplied_base",
                  "slot": "chest"
                },
                {
                  "id": "desert_chestplate",
                  "attribute": "minecraft:generic.armor_toughness",
                  "amount": 4.5,
                  "operation": "add_value",
                  "slot": "chest"
                },
                {
                  "id": "desert_chestplate",
                  "attribute": "minecraft:generic.armor",
                  "amount": 8,
                  "operation": "add_value",
                  "slot": "chest"
                }
              ]
            }
          ]
        },
        {
          "type": "item",
          "weight": 1,
          "name": "minecraft:leather_chestplate",
          "functions": [
            {
              "function": "set_count",
              "count": 1
            },
            {
              "function": "minecraft:set_components",
              "components": {
                "minecraft:repair_cost": 99999,
                "minecraft:unbreakable": {},
                "minecraft:custom_name": "{\"text\":\"Desert Chestplate\",\"color\":\"gold\",\"italic\":false}",
                "minecraft:lore": [
                  "{\"text\":\" \"}",
                  "{\"text\":\"Ability:\",\"color\":\"green\",\"italic\":false}",
                  "{\"text\":\"Increases attack damage by \",\"color\":\"gray\",\"italic\":false}",
                  "{\"text\":\"15% when under 5 hearts and \",\"color\":\"gray\",\"italic\":false}",
                  "{\"text\":\"30% when under 2.5 hearts. \",\"color\":\"gray\",\"italic\":false}"
                ],
                "minecraft:dyed_color": {
                  "rgb": 16771415,
                  "show_in_tooltip": false
                },
                "minecraft:custom_data": {
                  "armor": "desert_chestplate",
                  "mt": "armor"
                }
              }
            },
            {
              "function": "minecraft:set_enchantments",
              "enchantments": {
                "minecraft:protection": {
                  "min": 2,
                  "max": 6
                },
                "minecraft:projectile_protection": {
                  "min": 3,
                  "max": 9
                },
                "minecraft:blast_protection": {
                  "min": 5,
                  "max": 10
                },
                "minecraft:fire_protection": {
                  "min": 1,
                  "max": 10
                }
              }
            },
            {
              "function": "minecraft:set_attributes",
              "modifiers": [
                {
                  "id": "desert_chestplate",
                  "attribute": "minecraft:generic.knockback_resistance",
                  "amount": 0.1,
                  "operation": "add_value",
                  "slot": "chest"
                },
                {
                  "id": "desert_chestplate",
                  "attribute": "minecraft:generic.attack_damage",
                  "amount": 0.025,
                  "operation": "add_multiplied_base",
                  "slot": "chest"
                },
                {
                  "id": "desert_chestplate",
                  "attribute": "minecraft:generic.armor_toughness",
                  "amount": 5,
                  "operation": "add_value",
                  "slot": "chest"
                },
                {
                  "id": "desert_chestplate",
                  "attribute": "minecraft:generic.armor",
                  "amount": 8,
                  "operation": "add_value",
                  "slot": "chest"
                }
              ]
            }
          ]
        },
        {
          "type": "item",
          "weight": 1,
          "name": "minecraft:leather_chestplate",
          "functions": [
            {
              "function": "set_count",
              "count": 1
            },
            {
              "function": "minecraft:set_components",
              "components": {
                "minecraft:repair_cost": 99999,
                "minecraft:unbreakable": {},
                "minecraft:custom_name": "{\"text\":\"Desert Chestplate\",\"color\":\"gold\",\"italic\":false}",
                "minecraft:lore": [
                  "{\"text\":\" \"}",
                  "{\"text\":\"Ability:\",\"color\":\"green\",\"italic\":false}",
                  "{\"text\":\"Increases attack damage by \",\"color\":\"gray\",\"italic\":false}",
                  "{\"text\":\"15% when under 5 hearts and \",\"color\":\"gray\",\"italic\":false}",
                  "{\"text\":\"30% when under 2.5 hearts. \",\"color\":\"gray\",\"italic\":false}"
                ],
                "minecraft:dyed_color": {
                  "rgb": 16771415,
                  "show_in_tooltip": false
                },
                "minecraft:custom_data": {
                  "armor": "desert_chestplate",
                  "mt": "armor"
                }
              }
            },
            {
              "function": "minecraft:set_enchantments",
              "enchantments": {
                "minecraft:protection": {
                  "min": 2,
                  "max": 6
                },
                "minecraft:projectile_protection": {
                  "min": 3,
                  "max": 9
                },
                "minecraft:blast_protection": {
                  "min": 5,
                  "max": 10
                },
                "minecraft:fire_protection": {
                  "min": 1,
                  "max": 10
                }
              }
            },
            {
              "function": "minecraft:set_attributes",
              "modifiers": [
                {
                  "id": "desert_chestplate",
                  "attribute": "minecraft:generic.knockback_resistance",
                  "amount": 0.1,
                  "operation": "add_value",
                  "slot": "chest"
                },
                {
                  "id": "desert_chestplate",
                  "attribute": "minecraft:generic.attack_damage",
                  "amount": 0.025,
                  "operation": "add_multiplied_base",
                  "slot": "chest"
                },
                {
                  "id": "desert_chestplate",
                  "attribute": "minecraft:generic.armor_toughness",
                  "amount": 3.5,
                  "operation": "add_value",
                  "slot": "chest"
                },
                {
                  "id": "desert_chestplate",
                  "attribute": "minecraft:generic.armor",
                  "amount": 8,
                  "operation": "add_value",
                  "slot": "chest"
                }
              ]
            }
          ]
        },
        {
          "type": "item",
          "weight": 1,
          "name": "minecraft:leather_chestplate",
          "functions": [
            {
              "function": "set_count",
              "count": 1
            },
            {
              "function": "minecraft:set_components",
              "components": {
                "minecraft:repair_cost": 99999,
                "minecraft:unbreakable": {},
                "minecraft:custom_name": "{\"text\":\"Desert Chestplate\",\"color\":\"gold\",\"italic\":false}",
                "minecraft:lore": [
                  "{\"text\":\" \"}",
                  "{\"text\":\"Ability:\",\"color\":\"green\",\"italic\":false}",
                  "{\"text\":\"Increases attack damage by \",\"color\":\"gray\",\"italic\":false}",
                  "{\"text\":\"15% when under 5 hearts and \",\"color\":\"gray\",\"italic\":false}",
                  "{\"text\":\"30% when under 2.5 hearts. \",\"color\":\"gray\",\"italic\":false}"
                ],
                "minecraft:dyed_color": {
                  "rgb": 16771415,
                  "show_in_tooltip": false
                },
                "minecraft:custom_data": {
                  "armor": "desert_chestplate",
                  "mt": "armor"
                }
              }
            },
            {
              "function": "minecraft:set_enchantments",
              "enchantments": {
                "minecraft:protection": {
                  "min": 2,
                  "max": 6
                },
                "minecraft:projectile_protection": {
                  "min": 3,
                  "max": 9
                },
                "minecraft:blast_protection": {
                  "min": 5,
                  "max": 10
                },
                "minecraft:fire_protection": {
                  "min": 1,
                  "max": 10
                }
              }
            },
            {
              "function": "minecraft:set_attributes",
              "modifiers": [
                {
                  "id": "desert_chestplate",
                  "attribute": "minecraft:generic.knockback_resistance",
                  "amount": 0.1,
                  "operation": "add_value",
                  "slot": "chest"
                },
                {
                  "id": "desert_chestplate",
                  "attribute": "minecraft:generic.attack_damage",
                  "amount": 0.025,
                  "operation": "add_multiplied_base",
                  "slot": "chest"
                },
                {
                  "id": "desert_chestplate",
                  "attribute": "minecraft:generic.armor_toughness",
                  "amount": 4,
                  "operation": "add_value",
                  "slot": "chest"
                },
                {
                  "id": "desert_chestplate",
                  "attribute": "minecraft:generic.armor",
                  "amount": 8.5,
                  "operation": "add_value",
                  "slot": "chest"
                }
              ]
            }
          ]
        },
        {
          "type": "item",
          "weight": 1,
          "name": "minecraft:leather_chestplate",
          "functions": [
            {
              "function": "set_count",
              "count": 1
            },
            {
              "function": "minecraft:set_components",
              "components": {
                "minecraft:repair_cost": 99999,
                "minecraft:unbreakable": {},
                "minecraft:custom_name": "{\"text\":\"Desert Chestplate\",\"color\":\"gold\",\"italic\":false}",
                "minecraft:lore": [
                  "{\"text\":\" \"}",
                  "{\"text\":\"Ability:\",\"color\":\"green\",\"italic\":false}",
                  "{\"text\":\"Increases attack damage by \",\"color\":\"gray\",\"italic\":false}",
                  "{\"text\":\"15% when under 5 hearts and \",\"color\":\"gray\",\"italic\":false}",
                  "{\"text\":\"30% when under 2.5 hearts. \",\"color\":\"gray\",\"italic\":false}"
                ],
                "minecraft:dyed_color": {
                  "rgb": 16771415,
                  "show_in_tooltip": false
                },
                "minecraft:custom_data": {
                  "armor": "desert_chestplate",
                  "mt": "armor"
                }
              }
            },
            {
              "function": "minecraft:set_enchantments",
              "enchantments": {
                "minecraft:protection": {
                  "min": 2,
                  "max": 6
                },
                "minecraft:projectile_protection": {
                  "min": 3,
                  "max": 9
                },
                "minecraft:blast_protection": {
                  "min": 5,
                  "max": 10
                },
                "minecraft:fire_protection": {
                  "min": 1,
                  "max": 10
                }
              }
            },
            {
              "function": "minecraft:set_attributes",
              "modifiers": [
                {
                  "id": "desert_chestplate",
                  "attribute": "minecraft:generic.knockback_resistance",
                  "amount": 0.1,
                  "operation": "add_value",
                  "slot": "chest"
                },
                {
                  "id": "desert_chestplate",
                  "attribute": "minecraft:generic.attack_damage",
                  "amount": 0.025,
                  "operation": "add_multiplied_base",
                  "slot": "chest"
                },
                {
                  "id": "desert_chestplate",
                  "attribute": "minecraft:generic.armor_toughness",
                  "amount": 4.5,
                  "operation": "add_value",
                  "slot": "chest"
                },
                {
                  "id": "desert_chestplate",
                  "attribute": "minecraft:generic.armor",
                  "amount": 8.5,
                  "operation": "add_value",
                  "slot": "chest"
                }
              ]
            }
          ]
        },
        {
          "type": "item",
          "weight": 1,
          "name": "minecraft:leather_chestplate",
          "functions": [
            {
              "function": "set_count",
              "count": 1
            },
            {
              "function": "minecraft:set_components",
              "components": {
                "minecraft:repair_cost": 99999,
                "minecraft:unbreakable": {},
                "minecraft:custom_name": "{\"text\":\"Desert Chestplate\",\"color\":\"gold\",\"italic\":false}",
                "minecraft:lore": [
                  "{\"text\":\" \"}",
                  "{\"text\":\"Ability:\",\"color\":\"green\",\"italic\":false}",
                  "{\"text\":\"Increases attack damage by \",\"color\":\"gray\",\"italic\":false}",
                  "{\"text\":\"15% when under 5 hearts and \",\"color\":\"gray\",\"italic\":false}",
                  "{\"text\":\"30% when under 2.5 hearts. \",\"color\":\"gray\",\"italic\":false}"
                ],
                "minecraft:dyed_color": {
                  "rgb": 16771415,
                  "show_in_tooltip": false
                },
                "minecraft:custom_data": {
                  "armor": "desert_chestplate",
                  "mt": "armor"
                }
              }
            },
            {
              "function": "minecraft:set_enchantments",
              "enchantments": {
                "minecraft:protection": {
                  "min": 2,
                  "max": 6
                },
                "minecraft:projectile_protection": {
                  "min": 3,
                  "max": 9
                },
                "minecraft:blast_protection": {
                  "min": 5,
                  "max": 10
                },
                "minecraft:fire_protection": {
                  "min": 1,
                  "max": 10
                }
              }
            },
            {
              "function": "minecraft:set_attributes",
              "modifiers": [
                {
                  "id": "desert_chestplate",
                  "attribute": "minecraft:generic.knockback_resistance",
                  "amount": 0.1,
                  "operation": "add_value",
                  "slot": "chest"
                },
                {
                  "id": "desert_chestplate",
                  "attribute": "minecraft:generic.attack_damage",
                  "amount": 0.025,
                  "operation": "add_multiplied_base",
                  "slot": "chest"
                },
                {
                  "id": "desert_chestplate",
                  "attribute": "minecraft:generic.armor_toughness",
                  "amount": 5,
                  "operation": "add_value",
                  "slot": "chest"
                },
                {
                  "id": "desert_chestplate",
                  "attribute": "minecraft:generic.armor",
                  "amount": 8.5,
                  "operation": "add_value",
                  "slot": "chest"
                }
              ]
            }
          ]
        },
        {
          "type": "item",
          "weight": 1,
          "name": "minecraft:leather_chestplate",
          "functions": [
            {
              "function": "set_count",
              "count": 1
            },
            {
              "function": "minecraft:set_components",
              "components": {
                "minecraft:repair_cost": 99999,
                "minecraft:unbreakable": {},
                "minecraft:custom_name": "{\"text\":\"Desert Chestplate\",\"color\":\"gold\",\"italic\":false}",
                "minecraft:lore": [
                  "{\"text\":\" \"}",
                  "{\"text\":\"Ability:\",\"color\":\"green\",\"italic\":false}",
                  "{\"text\":\"Increases attack damage by \",\"color\":\"gray\",\"italic\":false}",
                  "{\"text\":\"15% when under 5 hearts and \",\"color\":\"gray\",\"italic\":false}",
                  "{\"text\":\"30% when under 2.5 hearts. \",\"color\":\"gray\",\"italic\":false}"
                ],
                "minecraft:dyed_color": {
                  "rgb": 16771415,
                  "show_in_tooltip": false
                },
                "minecraft:custom_data": {
                  "armor": "desert_chestplate",
                  "mt": "armor"
                }
              }
            },
            {
              "function": "minecraft:set_enchantments",
              "enchantments": {
                "minecraft:protection": {
                  "min": 2,
                  "max": 6
                },
                "minecraft:projectile_protection": {
                  "min": 3,
                  "max": 9
                },
                "minecraft:blast_protection": {
                  "min": 5,
                  "max": 10
                },
                "minecraft:fire_protection": {
                  "min": 1,
                  "max": 10
                }
              }
            },
            {
              "function": "minecraft:set_attributes",
              "modifiers": [
                {
                  "id": "desert_chestplate",
                  "attribute": "minecraft:generic.knockback_resistance",
                  "amount": 0.1,
                  "operation": "add_value",
                  "slot": "chest"
                },
                {
                  "id": "desert_chestplate",
                  "attribute": "minecraft:generic.attack_damage",
                  "amount": 0.025,
                  "operation": "add_multiplied_base",
                  "slot": "chest"
                },
                {
                  "id": "desert_chestplate",
                  "attribute": "minecraft:generic.armor_toughness",
                  "amount": 3.5,
                  "operation": "add_value",
                  "slot": "chest"
                },
                {
                  "id": "desert_chestplate",
                  "attribute": "minecraft:generic.armor",
                  "amount": 9,
                  "operation": "add_value",
                  "slot": "chest"
                }
              ]
            }
          ]
        },
        {
          "type": "item",
          "weight": 1,
          "name": "minecraft:leather_chestplate",
          "functions": [
            {
              "function": "set_count",
              "count": 1
            },
            {
              "function": "minecraft:set_components",
              "components": {
                "minecraft:repair_cost": 99999,
                "minecraft:unbreakable": {},
                "minecraft:custom_name": "{\"text\":\"Desert Chestplate\",\"color\":\"gold\",\"italic\":false}",
                "minecraft:lore": [
                  "{\"text\":\" \"}",
                  "{\"text\":\"Ability:\",\"color\":\"green\",\"italic\":false}",
                  "{\"text\":\"Increases attack damage by \",\"color\":\"gray\",\"italic\":false}",
                  "{\"text\":\"15% when under 5 hearts and \",\"color\":\"gray\",\"italic\":false}",
                  "{\"text\":\"30% when under 2.5 hearts. \",\"color\":\"gray\",\"italic\":false}"
                ],
                "minecraft:dyed_color": {
                  "rgb": 16771415,
                  "show_in_tooltip": false
                },
                "minecraft:custom_data": {
                  "armor": "desert_chestplate",
                  "mt": "armor"
                }
              }
            },
            {
              "function": "minecraft:set_enchantments",
              "enchantments": {
                "minecraft:protection": {
                  "min": 2,
                  "max": 6
                },
                "minecraft:projectile_protection": {
                  "min": 3,
                  "max": 9
                },
                "minecraft:blast_protection": {
                  "min": 5,
                  "max": 10
                },
                "minecraft:fire_protection": {
                  "min": 1,
                  "max": 10
                }
              }
            },
            {
              "function": "minecraft:set_attributes",
              "modifiers": [
                {
                  "id": "desert_chestplate",
                  "attribute": "minecraft:generic.knockback_resistance",
                  "amount": 0.1,
                  "operation": "add_value",
                  "slot": "chest"
                },
                {
                  "id": "desert_chestplate",
                  "attribute": "minecraft:generic.attack_damage",
                  "amount": 0.025,
                  "operation": "add_multiplied_base",
                  "slot": "chest"
                },
                {
                  "id": "desert_chestplate",
                  "attribute": "minecraft:generic.armor_toughness",
                  "amount": 4,
                  "operation": "add_value",
                  "slot": "chest"
                },
                {
                  "id": "desert_chestplate",
                  "attribute": "minecraft:generic.armor",
                  "amount": 9,
                  "operation": "add_value",
                  "slot": "chest"
                }
              ]
            }
          ]
        },
        {
          "type": "item",
          "weight": 1,
          "name": "minecraft:leather_chestplate",
          "functions": [
            {
              "function": "set_count",
              "count": 1
            },
            {
              "function": "minecraft:set_components",
              "components": {
                "minecraft:repair_cost": 99999,
                "minecraft:unbreakable": {},
                "minecraft:custom_name": "{\"text\":\"Desert Chestplate\",\"color\":\"gold\",\"italic\":false}",
                "minecraft:lore": [
                  "{\"text\":\" \"}",
                  "{\"text\":\"Ability:\",\"color\":\"green\",\"italic\":false}",
                  "{\"text\":\"Increases attack damage by \",\"color\":\"gray\",\"italic\":false}",
                  "{\"text\":\"15% when under 5 hearts and \",\"color\":\"gray\",\"italic\":false}",
                  "{\"text\":\"30% when under 2.5 hearts. \",\"color\":\"gray\",\"italic\":false}"
                ],
                "minecraft:dyed_color": {
                  "rgb": 16771415,
                  "show_in_tooltip": false
                },
                "minecraft:custom_data": {
                  "armor": "desert_chestplate",
                  "mt": "armor"
                }
              }
            },
            {
              "function": "minecraft:set_enchantments",
              "enchantments": {
                "minecraft:protection": {
                  "min": 2,
                  "max": 6
                },
                "minecraft:projectile_protection": {
                  "min": 3,
                  "max": 9
                },
                "minecraft:blast_protection": {
                  "min": 5,
                  "max": 10
                },
                "minecraft:fire_protection": {
                  "min": 1,
                  "max": 10
                }
              }
            },
            {
              "function": "minecraft:set_attributes",
              "modifiers": [
                {
                  "id": "desert_chestplate",
                  "attribute": "minecraft:generic.knockback_resistance",
                  "amount": 0.1,
                  "operation": "add_value",
                  "slot": "chest"
                },
                {
                  "id": "desert_chestplate",
                  "attribute": "minecraft:generic.attack_damage",
                  "amount": 0.025,
                  "operation": "add_multiplied_base",
                  "slot": "chest"
                },
                {
                  "id": "desert_chestplate",
                  "attribute": "minecraft:generic.armor_toughness",
                  "amount": 4.5,
                  "operation": "add_value",
                  "slot": "chest"
                },
                {
                  "id": "desert_chestplate",
                  "attribute": "minecraft:generic.armor",
                  "amount": 9,
                  "operation": "add_value",
                  "slot": "chest"
                }
              ]
            }
          ]
        },
        {
          "type": "item",
          "weight": 1,
          "name": "minecraft:leather_chestplate",
          "functions": [
            {
              "function": "set_count",
              "count": 1
            },
            {
              "function": "minecraft:set_components",
              "components": {
                "minecraft:repair_cost": 99999,
                "minecraft:unbreakable": {},
                "minecraft:custom_name": "{\"text\":\"Desert Chestplate\",\"color\":\"gold\",\"italic\":false}",
                "minecraft:lore": [
                  "{\"text\":\" \"}",
                  "{\"text\":\"Ability:\",\"color\":\"green\",\"italic\":false}",
                  "{\"text\":\"Increases attack damage by \",\"color\":\"gray\",\"italic\":false}",
                  "{\"text\":\"15% when under 5 hearts and \",\"color\":\"gray\",\"italic\":false}",
                  "{\"text\":\"30% when under 2.5 hearts. \",\"color\":\"gray\",\"italic\":false}"
                ],
                "minecraft:dyed_color": {
                  "rgb": 16771415,
                  "show_in_tooltip": false
                },
                "minecraft:custom_data": {
                  "armor": "desert_chestplate",
                  "mt": "armor"
                }
              }
            },
            {
              "function": "minecraft:set_enchantments",
              "enchantments": {
                "minecraft:protection": {
                  "min": 2,
                  "max": 6
                },
                "minecraft:projectile_protection": {
                  "min": 3,
                  "max": 9
                },
                "minecraft:blast_protection": {
                  "min": 5,
                  "max": 10
                },
                "minecraft:fire_protection": {
                  "min": 1,
                  "max": 10
                }
              }
            },
            {
              "function": "minecraft:set_attributes",
              "modifiers": [
                {
                  "id": "desert_chestplate",
                  "attribute": "minecraft:generic.knockback_resistance",
                  "amount": 0.1,
                  "operation": "add_value",
                  "slot": "chest"
                },
                {
                  "id": "desert_chestplate",
                  "attribute": "minecraft:generic.attack_damage",
                  "amount": 0.025,
                  "operation": "add_multiplied_base",
                  "slot": "chest"
                },
                {
                  "id": "desert_chestplate",
                  "attribute": "minecraft:generic.armor_toughness",
                  "amount": 5,
                  "operation": "add_value",
                  "slot": "chest"
                },
                {
                  "id": "desert_chestplate",
                  "attribute": "minecraft:generic.armor",
                  "amount": 9,
                  "operation": "add_value",
                  "slot": "chest"
                }
              ]
            }
          ]
        },
        {
          "type": "item",
          "weight": 1,
          "name": "minecraft:leather_chestplate",
          "functions": [
            {
              "function": "set_count",
              "count": 1
            },
            {
              "function": "minecraft:set_components",
              "components": {
                "minecraft:repair_cost": 99999,
                "minecraft:unbreakable": {},
                "minecraft:custom_name": "{\"text\":\"Desert Chestplate\",\"color\":\"gold\",\"italic\":false}",
                "minecraft:lore": [
                  "{\"text\":\" \"}",
                  "{\"text\":\"Ability:\",\"color\":\"green\",\"italic\":false}",
                  "{\"text\":\"Increases attack damage by \",\"color\":\"gray\",\"italic\":false}",
                  "{\"text\":\"15% when under 5 hearts and \",\"color\":\"gray\",\"italic\":false}",
                  "{\"text\":\"30% when under 2.5 hearts. \",\"color\":\"gray\",\"italic\":false}"
                ],
                "minecraft:dyed_color": {
                  "rgb": 16771415,
                  "show_in_tooltip": false
                },
                "minecraft:custom_data": {
                  "armor": "desert_chestplate",
                  "mt": "armor"
                }
              }
            },
            {
              "function": "minecraft:set_enchantments",
              "enchantments": {
                "minecraft:protection": {
                  "min": 2,
                  "max": 6
                },
                "minecraft:projectile_protection": {
                  "min": 3,
                  "max": 9
                },
                "minecraft:blast_protection": {
                  "min": 5,
                  "max": 10
                },
                "minecraft:fire_protection": {
                  "min": 1,
                  "max": 10
                }
              }
            },
            {
              "function": "minecraft:set_attributes",
              "modifiers": [
                {
                  "id": "desert_chestplate",
                  "attribute": "minecraft:generic.knockback_resistance",
                  "amount": 0.1,
                  "operation": "add_value",
                  "slot": "chest"
                },
                {
                  "id": "desert_chestplate",
                  "attribute": "minecraft:generic.attack_damage",
                  "amount": 0.025,
                  "operation": "add_multiplied_base",
                  "slot": "chest"
                },
                {
                  "id": "desert_chestplate",
                  "attribute": "minecraft:generic.armor_toughness",
                  "amount": 3.5,
                  "operation": "add_value",
                  "slot": "chest"
                },
                {
                  "id": "desert_chestplate",
                  "attribute": "minecraft:generic.armor",
                  "amount": 9.5,
                  "operation": "add_value",
                  "slot": "chest"
                }
              ]
            }
          ]
        },
        {
          "type": "item",
          "weight": 1,
          "name": "minecraft:leather_chestplate",
          "functions": [
            {
              "function": "set_count",
              "count": 1
            },
            {
              "function": "minecraft:set_components",
              "components": {
                "minecraft:repair_cost": 99999,
                "minecraft:unbreakable": {},
                "minecraft:custom_name": "{\"text\":\"Desert Chestplate\",\"color\":\"gold\",\"italic\":false}",
                "minecraft:lore": [
                  "{\"text\":\" \"}",
                  "{\"text\":\"Ability:\",\"color\":\"green\",\"italic\":false}",
                  "{\"text\":\"Increases attack damage by \",\"color\":\"gray\",\"italic\":false}",
                  "{\"text\":\"15% when under 5 hearts and \",\"color\":\"gray\",\"italic\":false}",
                  "{\"text\":\"30% when under 2.5 hearts. \",\"color\":\"gray\",\"italic\":false}"
                ],
                "minecraft:dyed_color": {
                  "rgb": 16771415,
                  "show_in_tooltip": false
                },
                "minecraft:custom_data": {
                  "armor": "desert_chestplate",
                  "mt": "armor"
                }
              }
            },
            {
              "function": "minecraft:set_enchantments",
              "enchantments": {
                "minecraft:protection": {
                  "min": 2,
                  "max": 6
                },
                "minecraft:projectile_protection": {
                  "min": 3,
                  "max": 9
                },
                "minecraft:blast_protection": {
                  "min": 5,
                  "max": 10
                },
                "minecraft:fire_protection": {
                  "min": 1,
                  "max": 10
                }
              }
            },
            {
              "function": "minecraft:set_attributes",
              "modifiers": [
                {
                  "id": "desert_chestplate",
                  "attribute": "minecraft:generic.knockback_resistance",
                  "amount": 0.1,
                  "operation": "add_value",
                  "slot": "chest"
                },
                {
                  "id": "desert_chestplate",
                  "attribute": "minecraft:generic.attack_damage",
                  "amount": 0.025,
                  "operation": "add_multiplied_base",
                  "slot": "chest"
                },
                {
                  "id": "desert_chestplate",
                  "attribute": "minecraft:generic.armor_toughness",
                  "amount": 4,
                  "operation": "add_value",
                  "slot": "chest"
                },
                {
                  "id": "desert_chestplate",
                  "attribute": "minecraft:generic.armor",
                  "amount": 9.5,
                  "operation": "add_value",
                  "slot": "chest"
                }
              ]
            }
          ]
        },
        {
          "type": "item",
          "weight": 1,
          "name": "minecraft:leather_chestplate",
          "functions": [
            {
              "function": "set_count",
              "count": 1
            },
            {
              "function": "minecraft:set_components",
              "components": {
                "minecraft:repair_cost": 99999,
                "minecraft:unbreakable": {},
                "minecraft:custom_name": "{\"text\":\"Desert Chestplate\",\"color\":\"gold\",\"italic\":false}",
                "minecraft:lore": [
                  "{\"text\":\" \"}",
                  "{\"text\":\"Ability:\",\"color\":\"green\",\"italic\":false}",
                  "{\"text\":\"Increases attack damage by \",\"color\":\"gray\",\"italic\":false}",
                  "{\"text\":\"15% when under 5 hearts and \",\"color\":\"gray\",\"italic\":false}",
                  "{\"text\":\"30% when under 2.5 hearts. \",\"color\":\"gray\",\"italic\":false}"
                ],
                "minecraft:dyed_color": {
                  "rgb": 16771415,
                  "show_in_tooltip": false
                },
                "minecraft:custom_data": {
                  "armor": "desert_chestplate",
                  "mt": "armor"
                }
              }
            },
            {
              "function": "minecraft:set_enchantments",
              "enchantments": {
                "minecraft:protection": {
                  "min": 2,
                  "max": 6
                },
                "minecraft:projectile_protection": {
                  "min": 3,
                  "max": 9
                },
                "minecraft:blast_protection": {
                  "min": 5,
                  "max": 10
                },
                "minecraft:fire_protection": {
                  "min": 1,
                  "max": 10
                }
              }
            },
            {
              "function": "minecraft:set_attributes",
              "modifiers": [
                {
                  "id": "desert_chestplate",
                  "attribute": "minecraft:generic.knockback_resistance",
                  "amount": 0.1,
                  "operation": "add_value",
                  "slot": "chest"
                },
                {
                  "id": "desert_chestplate",
                  "attribute": "minecraft:generic.attack_damage",
                  "amount": 0.025,
                  "operation": "add_multiplied_base",
                  "slot": "chest"
                },
                {
                  "id": "desert_chestplate",
                  "attribute": "minecraft:generic.armor_toughness",
                  "amount": 5,
                  "operation": "add_value",
                  "slot": "chest"
                },
                {
                  "id": "desert_chestplate",
                  "attribute": "minecraft:generic.armor",
                  "amount": 9.5,
                  "operation": "add_value",
                  "slot": "chest"
                }
              ]
            }
          ]
        },
        {
          "type": "item",
          "weight": 1,
          "name": "minecraft:leather_chestplate",
          "functions": [
            {
              "function": "set_count",
              "count": 1
            },
            {
              "function": "minecraft:set_components",
              "components": {
                "minecraft:repair_cost": 99999,
                "minecraft:unbreakable": {},
                "minecraft:custom_name": "{\"text\":\"Desert Chestplate\",\"color\":\"gold\",\"italic\":false}",
                "minecraft:lore": [
                  "{\"text\":\" \"}",
                  "{\"text\":\"Ability:\",\"color\":\"green\",\"italic\":false}",
                  "{\"text\":\"Increases attack damage by \",\"color\":\"gray\",\"italic\":false}",
                  "{\"text\":\"15% when under 5 hearts and \",\"color\":\"gray\",\"italic\":false}",
                  "{\"text\":\"30% when under 2.5 hearts. \",\"color\":\"gray\",\"italic\":false}"
                ],
                "minecraft:dyed_color": {
                  "rgb": 16771415,
                  "show_in_tooltip": false
                },
                "minecraft:custom_data": {
                  "armor": "desert_chestplate",
                  "mt": "armor"
                }
              }
            },
            {
              "function": "minecraft:set_enchantments",
              "enchantments": {
                "minecraft:protection": {
                  "min": 2,
                  "max": 6
                },
                "minecraft:projectile_protection": {
                  "min": 3,
                  "max": 9
                },
                "minecraft:blast_protection": {
                  "min": 5,
                  "max": 10
                },
                "minecraft:fire_protection": {
                  "min": 1,
                  "max": 10
                }
              }
            },
            {
              "function": "minecraft:set_attributes",
              "modifiers": [
                {
                  "id": "desert_chestplate",
                  "attribute": "minecraft:generic.knockback_resistance",
                  "amount": 0.1,
                  "operation": "add_value",
                  "slot": "chest"
                },
                {
                  "id": "desert_chestplate",
                  "attribute": "minecraft:generic.attack_damage",
                  "amount": 0.025,
                  "operation": "add_multiplied_base",
                  "slot": "chest"
                },
                {
                  "id": "desert_chestplate",
                  "attribute": "minecraft:generic.armor_toughness",
                  "amount": 3.5,
                  "operation": "add_value",
                  "slot": "chest"
                },
                {
                  "id": "desert_chestplate",
                  "attribute": "minecraft:generic.armor",
                  "amount": 10,
                  "operation": "add_value",
                  "slot": "chest"
                }
              ]
            }
          ]
        },
        {
          "type": "item",
          "weight": 1,
          "name": "minecraft:leather_chestplate",
          "functions": [
            {
              "function": "set_count",
              "count": 1
            },
            {
              "function": "minecraft:set_components",
              "components": {
                "minecraft:repair_cost": 99999,
                "minecraft:unbreakable": {},
                "minecraft:custom_name": "{\"text\":\"Desert Chestplate\",\"color\":\"gold\",\"italic\":false}",
                "minecraft:lore": [
                  "{\"text\":\" \"}",
                  "{\"text\":\"Ability:\",\"color\":\"green\",\"italic\":false}",
                  "{\"text\":\"Increases attack damage by \",\"color\":\"gray\",\"italic\":false}",
                  "{\"text\":\"15% when under 5 hearts and \",\"color\":\"gray\",\"italic\":false}",
                  "{\"text\":\"30% when under 2.5 hearts. \",\"color\":\"gray\",\"italic\":false}"
                ],
                "minecraft:dyed_color": {
                  "rgb": 16771415,
                  "show_in_tooltip": false
                },
                "minecraft:custom_data": {
                  "armor": "desert_chestplate",
                  "mt": "armor"
                }
              }
            },
            {
              "function": "minecraft:set_enchantments",
              "enchantments": {
                "minecraft:protection": {
                  "min": 2,
                  "max": 6
                },
                "minecraft:projectile_protection": {
                  "min": 3,
                  "max": 9
                },
                "minecraft:blast_protection": {
                  "min": 5,
                  "max": 10
                },
                "minecraft:fire_protection": {
                  "min": 1,
                  "max": 10
                }
              }
            },
            {
              "function": "minecraft:set_attributes",
              "modifiers": [
                {
                  "id": "desert_chestplate",
                  "attribute": "minecraft:generic.knockback_resistance",
                  "amount": 0.1,
                  "operation": "add_value",
                  "slot": "chest"
                },
                {
                  "id": "desert_chestplate",
                  "attribute": "minecraft:generic.attack_damage",
                  "amount": 0.025,
                  "operation": "add_multiplied_base",
                  "slot": "chest"
                },
                {
                  "id": "desert_chestplate",
                  "attribute": "minecraft:generic.armor_toughness",
                  "amount": 4,
                  "operation": "add_value",
                  "slot": "chest"
                },
                {
                  "id": "desert_chestplate",
                  "attribute": "minecraft:generic.armor",
                  "amount": 10,
                  "operation": "add_value",
                  "slot": "chest"
                }
              ]
            }
          ]
        },
        {
          "type": "item",
          "weight": 1,
          "name": "minecraft:leather_chestplate",
          "functions": [
            {
              "function": "set_count",
              "count": 1
            },
            {
              "function": "minecraft:set_components",
              "components": {
                "minecraft:repair_cost": 99999,
                "minecraft:unbreakable": {},
                "minecraft:custom_name": "{\"text\":\"Desert Chestplate\",\"color\":\"gold\",\"italic\":false}",
                "minecraft:lore": [
                  "{\"text\":\" \"}",
                  "{\"text\":\"Ability:\",\"color\":\"green\",\"italic\":false}",
                  "{\"text\":\"Increases attack damage by \",\"color\":\"gray\",\"italic\":false}",
                  "{\"text\":\"15% when under 5 hearts and \",\"color\":\"gray\",\"italic\":false}",
                  "{\"text\":\"30% when under 2.5 hearts. \",\"color\":\"gray\",\"italic\":false}"
                ],
                "minecraft:dyed_color": {
                  "rgb": 16771415,
                  "show_in_tooltip": false
                },
                "minecraft:custom_data": {
                  "armor": "desert_chestplate",
                  "mt": "armor"
                }
              }
            },
            {
              "function": "minecraft:set_enchantments",
              "enchantments": {
                "minecraft:protection": {
                  "min": 2,
                  "max": 6
                },
                "minecraft:projectile_protection": {
                  "min": 3,
                  "max": 9
                },
                "minecraft:blast_protection": {
                  "min": 5,
                  "max": 10
                },
                "minecraft:fire_protection": {
                  "min": 1,
                  "max": 10
                }
              }
            },
            {
              "function": "minecraft:set_attributes",
              "modifiers": [
                {
                  "id": "desert_chestplate",
                  "attribute": "minecraft:generic.knockback_resistance",
                  "amount": 0.1,
                  "operation": "add_value",
                  "slot": "chest"
                },
                {
                  "id": "desert_chestplate",
                  "attribute": "minecraft:generic.attack_damage",
                  "amount": 0.025,
                  "operation": "add_multiplied_base",
                  "slot": "chest"
                },
                {
                  "id": "desert_chestplate",
                  "attribute": "minecraft:generic.armor_toughness",
                  "amount": 3.5,
                  "operation": "add_value",
                  "slot": "chest"
                },
                {
                  "id": "desert_chestplate",
                  "attribute": "minecraft:generic.armor",
                  "amount": 10,
                  "operation": "add_value",
                  "slot": "chest"
                }
              ]
            }
          ]
        },
        {
          "type": "item",
          "weight": 1,
          "name": "minecraft:leather_chestplate",
          "functions": [
            {
              "function": "set_count",
              "count": 1
            },
            {
              "function": "minecraft:set_components",
              "components": {
                "minecraft:repair_cost": 99999,
                "minecraft:unbreakable": {},
                "minecraft:custom_name": "{\"text\":\"Desert Chestplate\",\"color\":\"gold\",\"italic\":false}",
                "minecraft:lore": [
                  "{\"text\":\" \"}",
                  "{\"text\":\"Ability:\",\"color\":\"green\",\"italic\":false}",
                  "{\"text\":\"Increases attack damage by \",\"color\":\"gray\",\"italic\":false}",
                  "{\"text\":\"15% when under 5 hearts and \",\"color\":\"gray\",\"italic\":false}",
                  "{\"text\":\"30% when under 2.5 hearts. \",\"color\":\"gray\",\"italic\":false}"
                ],
                "minecraft:dyed_color": {
                  "rgb": 16771415,
                  "show_in_tooltip": false
                },
                "minecraft:custom_data": {
                  "armor": "desert_chestplate",
                  "mt": "armor"
                }
              }
            },
            {
              "function": "minecraft:set_enchantments",
              "enchantments": {
                "minecraft:protection": {
                  "min": 2,
                  "max": 6
                },
                "minecraft:projectile_protection": {
                  "min": 3,
                  "max": 9
                },
                "minecraft:blast_protection": {
                  "min": 5,
                  "max": 10
                },
                "minecraft:fire_protection": {
                  "min": 1,
                  "max": 10
                }
              }
            },
            {
              "function": "minecraft:set_attributes",
              "modifiers": [
                {
                  "id": "desert_chestplate",
                  "attribute": "minecraft:generic.knockback_resistance",
                  "amount": 0.1,
                  "operation": "add_value",
                  "slot": "chest"
                },
                {
                  "id": "desert_chestplate",
                  "attribute": "minecraft:generic.attack_damage",
                  "amount": 0.025,
                  "operation": "add_multiplied_base",
                  "slot": "chest"
                },
                {
                  "id": "desert_chestplate",
                  "attribute": "minecraft:generic.armor_toughness",
                  "amount": 4.5,
                  "operation": "add_value",
                  "slot": "chest"
                },
                {
                  "id": "desert_chestplate",
                  "attribute": "minecraft:generic.armor",
                  "amount": 10,
                  "operation": "add_value",
                  "slot": "chest"
                }
              ]
            }
          ]
        }
      ]
    }
  ]
}
