{
  "display": {
    "icon": {
      "id": "minecraft:golden_apple"
    },
    "title": "Riding On Da Horse",
    "description": "Find your first Rare Savanna Treasure!",
    "frame": "task",
    "show_toast": true,
    "announce_to_chat": true,
    "hidden": false
  },
  "parent": "mt:treasure_advancements/first_common_savanna_treasure",
  "criteria": {
    "obtainchest": {
      "trigger": "minecraft:player_generates_container_loot",
      "conditions": {
        "loot_table": "mt:chests/savanna_treasure/savanna_rare_treasure"
      }
    }
  }
}
