{
  "display": {
    "icon": {
      "id": "minecraft:soul_lantern"
    },
    "title": "Ghostbusters!",
    "description": "Find your first Common Soul Valley Treasure!",
    "frame": "task",
    "show_toast": true,
    "announce_to_chat": true,
    "hidden": false
  },
  "parent": "mt:treasure_advancements/first_legendary_nether_treasure",
  "criteria": {
    "obtainchest": {
      "trigger": "minecraft:player_generates_container_loot",
      "conditions": {
        "loot_table": "mt:chests/soul_valley_treasure/soulvalley_common_treasure"
      }
    }
  }
}
