{
  "display": {
    "icon": {
      "id": "minecraft:netherrack"
    },
    "title": "Sins In Your Past Life?",
    "description": "Find your first Common Nether Treasure!",
    "frame": "task",
    "show_toast": true,
    "announce_to_chat": true,
    "hidden": false
  },
  "parent": "mt:treasure_advancements/first_common_treasure",
  "criteria": {
    "obtainchest": {
      "trigger": "minecraft:player_generates_container_loot",
      "conditions": {
        "loot_table": "mt:chests/nether_treasure/netherdefault_common_treasure"
      }
    }
  }
}
