{
  "display": {
    "icon": {
      "id": "minecraft:warped_hyphae"
    },
    "title": "Blink Blink, Instant Wink",
    "description": "Find your first Legendary Warped Forest Treasure!",
    "frame": "challenge",
    "show_toast": true,
    "announce_to_chat": true,
    "hidden": false
  },
  "parent": "mt:treasure_advancements/first_epic_warped_treasure",
  "criteria": {
    "obtainchest": {
      "trigger": "minecraft:player_generates_container_loot",
      "conditions": {
        "loot_table": "mt:chests/warped_treasure/warped_legendary_treasure"
      }
    }
  }
}
