{
  "display": {
    "icon": {
      "id": "minecraft:cocoa_beans"
    },
    "title": "OOO OOO AHH AHH AHH",
    "description": "Find your first Epic Jungle Treasure!",
    "frame": "goal",
    "show_toast": true,
    "announce_to_chat": true,
    "hidden": false
  },
  "parent": "mt:treasure_advancements/first_rare_jungle_treasure",
  "criteria": {
    "obtainchest": {
      "trigger": "minecraft:player_generates_container_loot",
      "conditions": {
        "loot_table": "mt:chests/jungle_treasure/jungle_epic_treasure"
      }
    }
  }
}
