{
  "display": {
    "icon": {
      "id": "minecraft:smithing_table"
    },
    "title": "Just Follow The Timelapse...",
    "description": "Spawn a Weaponsmith",
    "frame": "task",
    "show_toast": true,
    "announce_to_chat": true,
    "hidden": false
  },
  "parent": "mt:treasure_advancements/first_rare_dark_forest_treasure",
  "criteria": {
    "requirement": {
      "trigger": "minecraft:using_item",
      "conditions": {
        "item": {
          "predicates": {
  "minecraft:custom_data": "{spawn:\"blacksmith\"}"
      }        }
      }
    }
  }
}
