{
  "pools": [
    {
      "rolls": {
        "min": {
          "type": "minecraft:score",
          "target": "this",
          "score": "mt.progression",
          "scale": 0.00002
        },
        "max": {
          "type": "minecraft:score",
          "target": "this",
          "score": "mt.progression",
          "scale": 0.000025
        }
      },
      "bonus_rolls": {
        "min": 1,
        "max": 6
      },
      "entries": [
        {
          "type": "minecraft:loot_table",
          "value": "mt:charms/common",
          "conditions": [
            {
              "condition": "minecraft:value_check",
              "value": {
                "type": "minecraft:score",
                "target": {
                  "type": "minecraft:fixed",
                  "name": "#disable_common_charm"
                },
                "score": "mt.constant"
              },
              "range": 0
            },
            {
              "condition": "minecraft:random_chance",
              "chance": 0.02
            }
          ]
        },
        {
          "type": "minecraft:item",
          "name": "minecraft:tall_grass",
          "weight": 3,
          "functions": [
            {
              "function": "minecraft:set_count",
              "count": {
                "min": 1,
                "max": 3
              }
            }
          ],
          "conditions": [
            {
              "condition": "minecraft:entity_scores",
              "entity": "this",
              "scores": {
                "mt.progression": {
                  "max": 399999
                }
              }
            }
          ]
        },
        {
          "type": "minecraft:item",
          "name": "minecraft:book",
          "weight": 1,
          "functions": [
            {
              "function": "minecraft:enchant_with_levels", 
              "levels": 6
            }
          ],
          "conditions": [
            {
              "condition": "minecraft:entity_scores",
              "entity": "this",
              "scores": {
                "mt.progression": {
                  "max": 399999
                }
              }
            },
            {
              "condition": "minecraft:random_chance",
              "chance": 0.5
            }
          ]
        },
        {
          "type": "minecraft:item",
          "name": "minecraft:book",
          "weight": 1,
          "functions": [
            {
              "function": "minecraft:enchant_with_levels", 
              "levels": 16
            }
          ],
          "conditions": [
            {
              "condition": "minecraft:entity_scores",
              "entity": "this",
              "scores": {
                "mt.progression": {
                  "min": 400000
                }
              }
            }
          ]
        },
        {
          "type": "minecraft:item",
          "name": "minecraft:paper",
          "weight": 2,
          "functions": [
            {
              "function": "minecraft:set_count",
              "count": {
                "min": 2,
                "max": 4
              }
            }
          ],
          "conditions": [
            {
              "condition": "minecraft:entity_scores",
              "entity": "this",
              "scores": {
                "mt.progression": {
                  "min": 400000
                }
              }
            }
          ]
        },
        {
          "type": "minecraft:item",
          "name": "minecraft:sniffer_egg",
          "weight": 1,
          "functions": [
            {
              "function": "minecraft:set_count",
              "count": {
                "min": 1,
                "max": 2
              }
            }
          ],
          "conditions": [
            {
              "condition": "minecraft:entity_scores",
              "entity": "this",
              "scores": {
                "mt.progression": {
                  "min": 400000
                }
              }
            }
          ]
        },
        {
          "type": "minecraft:item",
          "name": "minecraft:sugar",
          "weight": 2,
          "functions": [
            {
              "function": "minecraft:set_count",
              "count": {
                "min": 2,
                "max": 4
              }
            }
          ],
          "conditions": [
            {
              "condition": "minecraft:entity_scores",
              "entity": "this",
              "scores": {
                "mt.progression": {
                  "min": 400000
                }
              }
            }
          ]
        },
        {
          "type": "minecraft:item",
          "name": "minecraft:flower_banner_pattern",
          "weight": 1,
          "functions": [
            {
              "function": "minecraft:set_count",
              "count": {
                "min": 1,
                "max": 1
              }
            }
          ],
          "conditions": [
            {
              "condition": "minecraft:random_chance",
              "chance": 0.1
            },
            {
              "condition": "minecraft:entity_scores",
              "entity": "this",
              "scores": {
                "mt.progression": {
                  "min": 400000
                }
              }
            }
          ]
        },
        {
          "type": "minecraft:item",
          "name": "minecraft:poppy",
          "weight": 3,
          "functions": [
            {
              "function": "minecraft:set_count",
              "count": {
                "min": 1,
                "max": 2
              }
            }
          ]
        },
        {
          "type": "minecraft:item",
          "weight": 2,
          "name": "minecraft:potion",
          "functions": [
            {
              "function": "minecraft:set_potion",
              "id": "minecraft:regeneration"
            }
          ],
          "conditions": [
            {
              "condition": "minecraft:random_chance",
              "chance": 0.16
            },
            {
              "condition": "minecraft:entity_scores",
              "entity": "this",
              "scores": {
                "mt.progression": {
                  "max": 399999
                }
              }
            }
          ]
        },
        {
          "type": "minecraft:item",
          "name": "minecraft:dandelion",
          "weight": 3,
          "functions": [
            {
              "function": "minecraft:set_count",
              "count": {
                "min": 1,
                "max": 2
              }
            }
          ]
        },
        {
          "type": "minecraft:item",
          "name": "minecraft:red_tulip",
          "weight": 2,
          "functions": [
            {
              "function": "minecraft:set_count",
              "count": {
                "min": 1,
                "max": 2
              }
            }
          ]
        },
        {
          "type": "minecraft:item",
          "name": "minecraft:orange_tulip",
          "weight": 2,
          "functions": [
            {
              "function": "minecraft:set_count",
              "count": {
                "min": 1,
                "max": 2
              }
            }
          ]
        },
        {
          "type": "minecraft:item",
          "name": "minecraft:white_tulip",
          "weight": 2,
          "functions": [
            {
              "function": "minecraft:set_count",
              "count": {
                "min": 1,
                "max": 2
              }
            }
          ]
        },
        {
          "type": "minecraft:item",
          "name": "minecraft:pink_tulip",
          "weight": 2,
          "functions": [
            {
              "function": "minecraft:set_count",
              "count": {
                "min": 1,
                "max": 2
              }
            }
          ]
        },
        {
          "type": "minecraft:item",
          "name": "minecraft:beetroot",
          "weight": 2,
          "functions": [
            {
              "function": "minecraft:set_count",
              "count": {
                "min": 1,
                "max": 3
              }
            }
          ]
        },
        {
          "type": "minecraft:item",
          "name": "minecraft:honey_bottle",
          "weight": 3,
          "functions": [
            {
              "function": "minecraft:set_count",
              "count": {
                "min": 1,
                "max": 3
              }
            }
          ]
        },
        {
          "type": "minecraft:item",
          "name": "minecraft:hanging_roots",
          "weight": 2,
          "functions": [
            {
              "function": "minecraft:set_count",
              "count": {
                "min": 1,
                "max": 3
              }
            }
          ]
        },
        {
          "type": "minecraft:item",
          "name": "minecraft:wooden_hoe",
          "weight": 1,
          "functions": [
            {
              "function": "minecraft:set_enchantments",
              "enchantments": {
                "minecraft:sharpness": {
                  "min": 0,
                  "max": 5
                },
                "minecraft:silk_touch": {
                  "min": 0,
                  "max": 1
                },
                "minecraft:unbreaking": {
                  "min": 0,
                  "max": 3
                },
                "minecraft:efficiency": {
                  "type": "minecraft:uniform",
                  "min": 0,
                  "max": 6
                }
              }
            },
            {
              "function": "minecraft:set_attributes",
              "modifiers": [
                {
                  "id": "mine_treasure",
                  "attribute": "minecraft:generic.attack_damage",
                  "amount": {
                    "min": 2,
                    "max": 2
                  },
                  "operation": "add_value",
                  "slot": "mainhand"
                }
              ]
            },
            {
              "function": "minecraft:toggle_tooltips",
              "toggles": {
                "minecraft:attribute_modifiers": false
              }
            },
            {
              "function": "set_name",
              "name": [
                {
                  "text": "Wooden Hoe",
                  "color": "aqua",
                  "italic": false
                }
              ]
            },
            {
              "function": "minecraft:set_lore",
              "lore": [
                {
                  "text": "  "
                },
                {
                  "text": "When in Main Hand:",
                  "color": "gray",
                  "italic": false
                },
                {
                  "text": " 2 Attack Damage",
                  "color": "dark_green",
                  "italic": false
                },
                {
                  "text": " 4 Attack Speed",
                  "color": "dark_green",
                  "italic": false
                }
              ],
               "mode": "replace_all"
            }
          ],
          "conditions": [
            {
              "condition": "minecraft:entity_scores",
              "entity": "this",
              "scores": {
                "mt.progression": {
                  "max": 349999
                }
              }
            }
          ]
        },
        {
          "type": "minecraft:item",
          "name": "minecraft:dirt",
          "weight": 3,
          "functions": [
            {
              "function": "minecraft:set_count",
              "count": {
                "min": 2,
                "max": 4
              }
            }
          ]
        },
        {
          "type": "minecraft:item",
          "name": "minecraft:experience_bottle",
          "weight": 2,
          "functions": [
            {
              "function": "minecraft:set_count",
              "count": {
                "min": 3,
                "max": 7
              }
            }
          ]
        },
        {
          "type": "minecraft:item",
          "name": "minecraft:suspicious_stew",
          "functions": [
            {
              "function": "minecraft:set_stew_effect",
              "effects": [
                {
                  "type": "minecraft:regeneration",
                  "duration": {
                    "type": "minecraft:uniform",
                    "min": 15,
                    "max": 30
                  }
                }
              ]
            }
          ],
          "conditions": [
            {
              "condition": "minecraft:entity_scores",
              "entity": "this",
              "scores": {
                "mt.progression": {
                  "max": 399999
                }
              }
            }
          ]
        }
      ]
    }
  ]
}
