{
  "pools": [
    {
      "rolls": 1,
      "entries": [
        {
          "type": "minecraft:item",
          "name": "minecraft:leather_helmet",
          "functions": [
            {
              "function": "minecraft:set_components",
              "components": {
                "minecraft:repair_cost": 99999,
                "minecraft:unbreakable": {},
                "minecraft:custom_name": "{\"text\":\"Flower Helmet\",\"color\":\"gold\",\"italic\":false}",
                "minecraft:lore": [
                  "{\"text\":\" \"}",
                  "{\"text\":\"Ability:\",\"color\":\"green\",\"italic\":false}",
                  "{\"text\":\"When the wearer falls below\",\"color\":\"gray\",\"italic\":false}",
                  "{\"text\":\"8 hearts a flower veil surrounds the player \",\"color\":\"gray\",\"italic\":false}",
                  "{\"text\":\"Granting immunity to every negative effect.\",\"color\":\"gray\",\"italic\":false}"
                ],
                "minecraft:dyed_color": {
                  "rgb": 7206705,
                  "show_in_tooltip": false
                },
                "minecraft:custom_data": {
                  "armor": "flower_helmet",
                  "mt": "armor"
                }
              }
            },
            {
              "function": "minecraft:set_attributes",
              "modifiers": [
                {
                  "id": "flower_helmet",
                  "attribute": "minecraft:generic.armor",
                  "amount": 2.5,
                  "operation": "add_value",
                  "slot": "head"
                },
                {
                  "id": "flower_helmet",
                  "attribute": "minecraft:generic.armor_toughness",
                  "amount": 2.5,
                  "operation": "add_value",
                  "slot": "head"
                }
              ]
            },
            {
              "function": "minecraft:set_enchantments",
              "enchantments": {
                "minecraft:protection": {
                  "min": 2,
                  "max": 6
                },
                "minecraft:projectile_protection": {
                  "min": 2,
                  "max": 8
                },
                "minecraft:blast_protection": {
                  "min": 1,
                  "max": 3
                },
                "minecraft:respiration": {
                  "min": 1,
                  "max": 5
                },
                "minecraft:aqua_affinity": {
                  "min": 0,
                  "max": 1
                }
              }
            }
          ]
        },
        {
          "type": "minecraft:item",
          "name": "minecraft:leather_helmet",
          "functions": [
            {
              "function": "minecraft:set_components",
              "components": {
                "minecraft:repair_cost": 99999,
                "minecraft:unbreakable": {},
                "minecraft:custom_name": "{\"text\":\"Flower Helmet\",\"color\":\"gold\",\"italic\":false}",
                "minecraft:lore": [
                  "{\"text\":\" \"}",
                  "{\"text\":\"Ability:\",\"color\":\"green\",\"italic\":false}",
                  "{\"text\":\"When the wearer falls below\",\"color\":\"gray\",\"italic\":false}",
                  "{\"text\":\"8 hearts a flower veil surrounds the player \",\"color\":\"gray\",\"italic\":false}",
                  "{\"text\":\"Granting immunity to every negative effect.\",\"color\":\"gray\",\"italic\":false}"
                ],
                "minecraft:dyed_color": {
                  "rgb": 7206705,
                  "show_in_tooltip": false
                },
                "minecraft:custom_data": {
                  "armor": "flower_helmet",
                  "mt": "armor"
                }
              }
            },
            {
              "function": "minecraft:set_attributes",
              "modifiers": [
                {
                  "id": "flower_helmet",
                  "attribute": "minecraft:generic.armor",
                  "amount": 3,
                  "operation": "add_value",
                  "slot": "head"
                },
                {
                  "id": "flower_helmet",
                  "attribute": "minecraft:generic.armor_toughness",
                  "amount": 3,
                  "operation": "add_value",
                  "slot": "head"
                }
              ]
            },
            {
              "function": "minecraft:set_enchantments",
              "enchantments": {
                "minecraft:protection": {
                  "min": 2,
                  "max": 6
                },
                "minecraft:projectile_protection": {
                  "min": 2,
                  "max": 8
                },
                "minecraft:blast_protection": {
                  "min": 1,
                  "max": 3
                },
                "minecraft:respiration": {
                  "min": 1,
                  "max": 5
                },
                "minecraft:aqua_affinity": {
                  "min": 0,
                  "max": 1
                }
              }
            }
          ]
        },
        {
          "type": "minecraft:item",
          "name": "minecraft:leather_helmet",
          "functions": [
            {
              "function": "minecraft:set_components",
              "components": {
                "minecraft:repair_cost": 99999,
                "minecraft:unbreakable": {},
                "minecraft:custom_name": "{\"text\":\"Flower Helmet\",\"color\":\"gold\",\"italic\":false}",
                "minecraft:lore": [
                  "{\"text\":\" \"}",
                  "{\"text\":\"Ability:\",\"color\":\"green\",\"italic\":false}",
                  "{\"text\":\"When the wearer falls below\",\"color\":\"gray\",\"italic\":false}",
                  "{\"text\":\"8 hearts a flower veil surrounds the player \",\"color\":\"gray\",\"italic\":false}",
                  "{\"text\":\"Granting immunity to every negative effect.\",\"color\":\"gray\",\"italic\":false}"
                ],
                "minecraft:dyed_color": {
                  "rgb": 7206705,
                  "show_in_tooltip": false
                },
                "minecraft:custom_data": {
                  "armor": "flower_helmet",
                  "mt": "armor"
                }
              }
            },
            {
              "function": "minecraft:set_attributes",
              "modifiers": [
                {
                  "id": "flower_helmet",
                  "attribute": "minecraft:generic.armor",
                  "amount": 3.5,
                  "operation": "add_value",
                  "slot": "head"
                },
                {
                  "id": "flower_helmet",
                  "attribute": "minecraft:generic.armor_toughness",
                  "amount": 3.5,
                  "operation": "add_value",
                  "slot": "head"
                }
              ]
            },
            {
              "function": "minecraft:set_enchantments",
              "enchantments": {
                "minecraft:protection": {
                  "min": 2,
                  "max": 6
                },
                "minecraft:projectile_protection": {
                  "min": 2,
                  "max": 8
                },
                "minecraft:blast_protection": {
                  "min": 1,
                  "max": 3
                },
                "minecraft:respiration": {
                  "min": 1,
                  "max": 5
                },
                "minecraft:aqua_affinity": {
                  "min": 0,
                  "max": 1
                }
              }
            }
          ]
        },
        {
          "type": "minecraft:item",
          "name": "minecraft:leather_helmet",
          "functions": [
            {
              "function": "minecraft:set_components",
              "components": {
                "minecraft:repair_cost": 99999,
                "minecraft:unbreakable": {},
                "minecraft:custom_name": "{\"text\":\"Flower Helmet\",\"color\":\"gold\",\"italic\":false}",
                "minecraft:lore": [
                  "{\"text\":\" \"}",
                  "{\"text\":\"Ability:\",\"color\":\"green\",\"italic\":false}",
                  "{\"text\":\"When the wearer falls below\",\"color\":\"gray\",\"italic\":false}",
                  "{\"text\":\"8 hearts a flower veil surrounds the player \",\"color\":\"gray\",\"italic\":false}",
                  "{\"text\":\"Granting immunity to every negative effect.\",\"color\":\"gray\",\"italic\":false}"
                ],
                "minecraft:dyed_color": {
                  "rgb": 7206705,
                  "show_in_tooltip": false
                },
                "minecraft:custom_data": {
                  "armor": "flower_helmet",
                  "mt": "armor"
                }
              }
            },
            {
              "function": "minecraft:set_attributes",
              "modifiers": [
                {
                  "id": "flower_helmet",
                  "attribute": "minecraft:generic.armor",
                  "amount": 4,
                  "operation": "add_value",
                  "slot": "head"
                },
                {
                  "id": "flower_helmet",
                  "attribute": "minecraft:generic.armor_toughness",
                  "amount": 4,
                  "operation": "add_value",
                  "slot": "head"
                }
              ]
            },
            {
              "function": "minecraft:set_enchantments",
              "enchantments": {
                "minecraft:protection": {
                  "min": 2,
                  "max": 6
                },
                "minecraft:projectile_protection": {
                  "min": 2,
                  "max": 8
                },
                "minecraft:blast_protection": {
                  "min": 1,
                  "max": 3
                },
                "minecraft:respiration": {
                  "min": 1,
                  "max": 5
                },
                "minecraft:aqua_affinity": {
                  "min": 0,
                  "max": 1
                }
              }
            }
          ]
        },
        {
          "type": "minecraft:item",
          "name": "minecraft:leather_helmet",
          "functions": [
            {
              "function": "minecraft:set_components",
              "components": {
                "minecraft:repair_cost": 99999,
                "minecraft:unbreakable": {},
                "minecraft:custom_name": "{\"text\":\"Flower Helmet\",\"color\":\"gold\",\"italic\":false}",
                "minecraft:lore": [
                  "{\"text\":\" \"}",
                  "{\"text\":\"Ability:\",\"color\":\"green\",\"italic\":false}",
                  "{\"text\":\"When the wearer falls below\",\"color\":\"gray\",\"italic\":false}",
                  "{\"text\":\"8 hearts a flower veil surrounds the player \",\"color\":\"gray\",\"italic\":false}",
                  "{\"text\":\"Granting immunity to every negative effect.\",\"color\":\"gray\",\"italic\":false}"
                ],
                "minecraft:dyed_color": {
                  "rgb": 7206705,
                  "show_in_tooltip": false
                },
                "minecraft:custom_data": {
                  "armor": "flower_helmet",
                  "mt": "armor"
                }
              }
            },
            {
              "function": "minecraft:set_attributes",
              "modifiers": [
                {
                  "id": "flower_helmet",
                  "attribute": "minecraft:generic.armor",
                  "amount": 4,
                  "operation": "add_value",
                  "slot": "head"
                },
                {
                  "id": "flower_helmet",
                  "attribute": "minecraft:generic.armor_toughness",
                  "amount": 4,
                  "operation": "add_value",
                  "slot": "head"
                }
              ]
            },
            {
              "function": "minecraft:set_enchantments",
              "enchantments": {
                "minecraft:protection": {
                  "min": 2,
                  "max": 6
                },
                "minecraft:projectile_protection": {
                  "min": 2,
                  "max": 8
                },
                "minecraft:blast_protection": {
                  "min": 1,
                  "max": 3
                },
                "minecraft:respiration": {
                  "min": 1,
                  "max": 5
                },
                "minecraft:aqua_affinity": {
                  "min": 0,
                  "max": 1
                }
              }
            }
          ]
        },
        {
          "type": "minecraft:item",
          "name": "minecraft:leather_helmet",
          "functions": [
            {
              "function": "minecraft:set_components",
              "components": {
                "minecraft:repair_cost": 99999,
                "minecraft:unbreakable": {},
                "minecraft:custom_name": "{\"text\":\"Flower Helmet\",\"color\":\"gold\",\"italic\":false}",
                "minecraft:lore": [
                  "{\"text\":\" \"}",
                  "{\"text\":\"Ability:\",\"color\":\"green\",\"italic\":false}",
                  "{\"text\":\"When the wearer falls below\",\"color\":\"gray\",\"italic\":false}",
                  "{\"text\":\"8 hearts a flower veil surrounds the player \",\"color\":\"gray\",\"italic\":false}",
                  "{\"text\":\"Granting immunity to every negative effect.\",\"color\":\"gray\",\"italic\":false}"
                ],
                "minecraft:dyed_color": {
                  "rgb": 7206705,
                  "show_in_tooltip": false
                },
                "minecraft:custom_data": {
                  "armor": "flower_helmet",
                  "mt": "armor"
                }
              }
            },
            {
              "function": "minecraft:set_attributes",
              "modifiers": [
                {
                  "id": "flower_helmet",
                  "attribute": "minecraft:generic.armor",
                  "amount": 4.5,
                  "operation": "add_value",
                  "slot": "head"
                },
                {
                  "id": "flower_helmet",
                  "attribute": "minecraft:generic.armor_toughness",
                  "amount": 4.5,
                  "operation": "add_value",
                  "slot": "head"
                }
              ]
            },
            {
              "function": "minecraft:set_enchantments",
              "enchantments": {
                "minecraft:protection": {
                  "min": 2,
                  "max": 6
                },
                "minecraft:projectile_protection": {
                  "min": 2,
                  "max": 8
                },
                "minecraft:blast_protection": {
                  "min": 1,
                  "max": 3
                },
                "minecraft:respiration": {
                  "min": 1,
                  "max": 5
                },
                "minecraft:aqua_affinity": {
                  "min": 0,
                  "max": 1
                }
              }
            }
          ]
        },
        {
          "type": "minecraft:item",
          "name": "minecraft:leather_helmet",
          "functions": [
            {
              "function": "minecraft:set_components",
              "components": {
                "minecraft:repair_cost": 99999,
                "minecraft:unbreakable": {},
                "minecraft:custom_name": "{\"text\":\"Flower Helmet\",\"color\":\"gold\",\"italic\":false}",
                "minecraft:lore": [
                  "{\"text\":\" \"}",
                  "{\"text\":\"Ability:\",\"color\":\"green\",\"italic\":false}",
                  "{\"text\":\"When the wearer falls below\",\"color\":\"gray\",\"italic\":false}",
                  "{\"text\":\"8 hearts a flower veil surrounds the player \",\"color\":\"gray\",\"italic\":false}",
                  "{\"text\":\"Granting immunity to every negative effect.\",\"color\":\"gray\",\"italic\":false}"
                ],
                "minecraft:dyed_color": {
                  "rgb": 7206705,
                  "show_in_tooltip": false
                },
                "minecraft:custom_data": {
                  "armor": "flower_helmet",
                  "mt": "armor"
                }
              }
            },
            {
              "function": "minecraft:set_attributes",
              "modifiers": [
                {
                  "id": "flower_helmet",
                  "attribute": "minecraft:generic.armor",
                  "amount": 5,
                  "operation": "add_value",
                  "slot": "head"
                },
                {
                  "id": "flower_helmet",
                  "attribute": "minecraft:generic.armor_toughness",
                  "amount": 5,
                  "operation": "add_value",
                  "slot": "head"
                }
              ]
            },
            {
              "function": "minecraft:set_enchantments",
              "enchantments": {
                "minecraft:protection": {
                  "min": 2,
                  "max": 6
                },
                "minecraft:projectile_protection": {
                  "min": 2,
                  "max": 8
                },
                "minecraft:blast_protection": {
                  "min": 1,
                  "max": 3
                },
                "minecraft:respiration": {
                  "min": 1,
                  "max": 5
                },
                "minecraft:aqua_affinity": {
                  "min": 0,
                  "max": 1
                }
              }
            }
          ]
        },
        {
          "type": "minecraft:item",
          "name": "minecraft:leather_helmet",
          "functions": [
            {
              "function": "minecraft:set_components",
              "components": {
                "minecraft:repair_cost": 99999,
                "minecraft:unbreakable": {},
                "minecraft:custom_name": "{\"text\":\"Flower Helmet\",\"color\":\"gold\",\"italic\":false}",
                "minecraft:lore": [
                  "{\"text\":\" \"}",
                  "{\"text\":\"Ability:\",\"color\":\"green\",\"italic\":false}",
                  "{\"text\":\"When the wearer falls below\",\"color\":\"gray\",\"italic\":false}",
                  "{\"text\":\"8 hearts a flower veil surrounds the player \",\"color\":\"gray\",\"italic\":false}",
                  "{\"text\":\"Granting immunity to every negative effect.\",\"color\":\"gray\",\"italic\":false}"
                ],
                "minecraft:dyed_color": {
                  "rgb": 7206705,
                  "show_in_tooltip": false
                },
                "minecraft:custom_data": {
                  "armor": "flower_helmet",
                  "mt": "armor"
                }
              }
            },
            {
              "function": "minecraft:set_attributes",
              "modifiers": [
                {
                  "id": "flower_helmet",
                  "attribute": "minecraft:generic.armor",
                  "amount": 3,
                  "operation": "add_value",
                  "slot": "head"
                },
                {
                  "id": "flower_helmet",
                  "attribute": "minecraft:generic.armor_toughness",
                  "amount": 2.5,
                  "operation": "add_value",
                  "slot": "head"
                }
              ]
            },
            {
              "function": "minecraft:set_enchantments",
              "enchantments": {
                "minecraft:protection": {
                  "min": 2,
                  "max": 6
                },
                "minecraft:projectile_protection": {
                  "min": 2,
                  "max": 8
                },
                "minecraft:blast_protection": {
                  "min": 1,
                  "max": 3
                },
                "minecraft:respiration": {
                  "min": 1,
                  "max": 5
                },
                "minecraft:aqua_affinity": {
                  "min": 0,
                  "max": 1
                }
              }
            }
          ]
        },
        {
          "type": "minecraft:item",
          "name": "minecraft:leather_helmet",
          "functions": [
            {
              "function": "minecraft:set_components",
              "components": {
                "minecraft:repair_cost": 99999,
                "minecraft:unbreakable": {},
                "minecraft:custom_name": "{\"text\":\"Flower Helmet\",\"color\":\"gold\",\"italic\":false}",
                "minecraft:lore": [
                  "{\"text\":\" \"}",
                  "{\"text\":\"Ability:\",\"color\":\"green\",\"italic\":false}",
                  "{\"text\":\"When the wearer falls below\",\"color\":\"gray\",\"italic\":false}",
                  "{\"text\":\"8 hearts a flower veil surrounds the player \",\"color\":\"gray\",\"italic\":false}",
                  "{\"text\":\"Granting immunity to every negative effect.\",\"color\":\"gray\",\"italic\":false}"
                ],
                "minecraft:dyed_color": {
                  "rgb": 7206705,
                  "show_in_tooltip": false
                },
                "minecraft:custom_data": {
                  "armor": "flower_helmet",
                  "mt": "armor"
                }
              }
            },
            {
              "function": "minecraft:set_attributes",
              "modifiers": [
                {
                  "id": "flower_helmet",
                  "attribute": "minecraft:generic.armor",
                  "amount": 3.5,
                  "operation": "add_value",
                  "slot": "head"
                },
                {
                  "id": "flower_helmet",
                  "attribute": "minecraft:generic.armor_toughness",
                  "amount": 2.5,
                  "operation": "add_value",
                  "slot": "head"
                }
              ]
            },
            {
              "function": "minecraft:set_enchantments",
              "enchantments": {
                "minecraft:protection": {
                  "min": 2,
                  "max": 6
                },
                "minecraft:projectile_protection": {
                  "min": 2,
                  "max": 8
                },
                "minecraft:blast_protection": {
                  "min": 1,
                  "max": 3
                },
                "minecraft:respiration": {
                  "min": 1,
                  "max": 5
                },
                "minecraft:aqua_affinity": {
                  "min": 0,
                  "max": 1
                }
              }
            }
          ]
        },
        {
          "type": "minecraft:item",
          "name": "minecraft:leather_helmet",
          "functions": [
            {
              "function": "minecraft:set_components",
              "components": {
                "minecraft:repair_cost": 99999,
                "minecraft:unbreakable": {},
                "minecraft:custom_name": "{\"text\":\"Flower Helmet\",\"color\":\"gold\",\"italic\":false}",
                "minecraft:lore": [
                  "{\"text\":\" \"}",
                  "{\"text\":\"Ability:\",\"color\":\"green\",\"italic\":false}",
                  "{\"text\":\"When the wearer falls below\",\"color\":\"gray\",\"italic\":false}",
                  "{\"text\":\"8 hearts a flower veil surrounds the player \",\"color\":\"gray\",\"italic\":false}",
                  "{\"text\":\"Granting immunity to every negative effect.\",\"color\":\"gray\",\"italic\":false}"
                ],
                "minecraft:dyed_color": {
                  "rgb": 7206705,
                  "show_in_tooltip": false
                },
                "minecraft:custom_data": {
                  "armor": "flower_helmet",
                  "mt": "armor"
                }
              }
            },
            {
              "function": "minecraft:set_attributes",
              "modifiers": [
                {
                  "id": "flower_helmet",
                  "attribute": "minecraft:generic.armor",
                  "amount": 4,
                  "operation": "add_value",
                  "slot": "head"
                },
                {
                  "id": "flower_helmet",
                  "attribute": "minecraft:generic.armor_toughness",
                  "amount": 2.5,
                  "operation": "add_value",
                  "slot": "head"
                }
              ]
            },
            {
              "function": "minecraft:set_enchantments",
              "enchantments": {
                "minecraft:protection": {
                  "min": 2,
                  "max": 6
                },
                "minecraft:projectile_protection": {
                  "min": 2,
                  "max": 8
                },
                "minecraft:blast_protection": {
                  "min": 1,
                  "max": 3
                },
                "minecraft:respiration": {
                  "min": 1,
                  "max": 5
                },
                "minecraft:aqua_affinity": {
                  "min": 0,
                  "max": 1
                }
              }
            }
          ]
        },
        {
          "type": "minecraft:item",
          "name": "minecraft:leather_helmet",
          "functions": [
            {
              "function": "minecraft:set_components",
              "components": {
                "minecraft:repair_cost": 99999,
                "minecraft:unbreakable": {},
                "minecraft:custom_name": "{\"text\":\"Flower Helmet\",\"color\":\"gold\",\"italic\":false}",
                "minecraft:lore": [
                  "{\"text\":\" \"}",
                  "{\"text\":\"Ability:\",\"color\":\"green\",\"italic\":false}",
                  "{\"text\":\"When the wearer falls below\",\"color\":\"gray\",\"italic\":false}",
                  "{\"text\":\"8 hearts a flower veil surrounds the player \",\"color\":\"gray\",\"italic\":false}",
                  "{\"text\":\"Granting immunity to every negative effect.\",\"color\":\"gray\",\"italic\":false}"
                ],
                "minecraft:dyed_color": {
                  "rgb": 7206705,
                  "show_in_tooltip": false
                },
                "minecraft:custom_data": {
                  "armor": "flower_helmet",
                  "mt": "armor"
                }
              }
            },
            {
              "function": "minecraft:set_attributes",
              "modifiers": [
                {
                  "id": "flower_helmet",
                  "attribute": "minecraft:generic.armor",
                  "amount": 4.5,
                  "operation": "add_value",
                  "slot": "head"
                },
                {
                  "id": "flower_helmet",
                  "attribute": "minecraft:generic.armor_toughness",
                  "amount": 2.5,
                  "operation": "add_value",
                  "slot": "head"
                }
              ]
            },
            {
              "function": "minecraft:set_enchantments",
              "enchantments": {
                "minecraft:protection": {
                  "min": 2,
                  "max": 6
                },
                "minecraft:projectile_protection": {
                  "min": 2,
                  "max": 8
                },
                "minecraft:blast_protection": {
                  "min": 1,
                  "max": 3
                },
                "minecraft:respiration": {
                  "min": 1,
                  "max": 5
                },
                "minecraft:aqua_affinity": {
                  "min": 0,
                  "max": 1
                }
              }
            }
          ]
        },
        {
          "type": "minecraft:item",
          "name": "minecraft:leather_helmet",
          "functions": [
            {
              "function": "minecraft:set_components",
              "components": {
                "minecraft:repair_cost": 99999,
                "minecraft:unbreakable": {},
                "minecraft:custom_name": "{\"text\":\"Flower Helmet\",\"color\":\"gold\",\"italic\":false}",
                "minecraft:lore": [
                  "{\"text\":\" \"}",
                  "{\"text\":\"Ability:\",\"color\":\"green\",\"italic\":false}",
                  "{\"text\":\"When the wearer falls below\",\"color\":\"gray\",\"italic\":false}",
                  "{\"text\":\"8 hearts a flower veil surrounds the player \",\"color\":\"gray\",\"italic\":false}",
                  "{\"text\":\"Granting immunity to every negative effect.\",\"color\":\"gray\",\"italic\":false}"
                ],
                "minecraft:dyed_color": {
                  "rgb": 7206705,
                  "show_in_tooltip": false
                },
                "minecraft:custom_data": {
                  "armor": "flower_helmet",
                  "mt": "armor"
                }
              }
            },
            {
              "function": "minecraft:set_attributes",
              "modifiers": [
                {
                  "id": "flower_helmet",
                  "attribute": "minecraft:generic.armor",
                  "amount": 5,
                  "operation": "add_value",
                  "slot": "head"
                },
                {
                  "id": "flower_helmet",
                  "attribute": "minecraft:generic.armor_toughness",
                  "amount": 2.5,
                  "operation": "add_value",
                  "slot": "head"
                }
              ]
            },
            {
              "function": "minecraft:set_enchantments",
              "enchantments": {
                "minecraft:protection": {
                  "min": 2,
                  "max": 6
                },
                "minecraft:projectile_protection": {
                  "min": 2,
                  "max": 8
                },
                "minecraft:blast_protection": {
                  "min": 1,
                  "max": 3
                },
                "minecraft:respiration": {
                  "min": 1,
                  "max": 5
                },
                "minecraft:aqua_affinity": {
                  "min": 0,
                  "max": 1
                }
              }
            }
          ]
        },
        {
          "type": "minecraft:item",
          "name": "minecraft:leather_helmet",
          "functions": [
            {
              "function": "minecraft:set_components",
              "components": {
                "minecraft:repair_cost": 99999,
                "minecraft:unbreakable": {},
                "minecraft:custom_name": "{\"text\":\"Flower Helmet\",\"color\":\"gold\",\"italic\":false}",
                "minecraft:lore": [
                  "{\"text\":\" \"}",
                  "{\"text\":\"Ability:\",\"color\":\"green\",\"italic\":false}",
                  "{\"text\":\"When the wearer falls below\",\"color\":\"gray\",\"italic\":false}",
                  "{\"text\":\"8 hearts a flower veil surrounds the player \",\"color\":\"gray\",\"italic\":false}",
                  "{\"text\":\"Granting immunity to every negative effect.\",\"color\":\"gray\",\"italic\":false}"
                ],
                "minecraft:dyed_color": {
                  "rgb": 7206705,
                  "show_in_tooltip": false
                },
                "minecraft:custom_data": {
                  "armor": "flower_helmet",
                  "mt": "armor"
                }
              }
            },
            {
              "function": "minecraft:set_attributes",
              "modifiers": [
                {
                  "id": "flower_helmet",
                  "attribute": "minecraft:generic.armor",
                  "amount": 3.5,
                  "operation": "add_value",
                  "slot": "head"
                },
                {
                  "id": "flower_helmet",
                  "attribute": "minecraft:generic.armor_toughness",
                  "amount": 3,
                  "operation": "add_value",
                  "slot": "head"
                }
              ]
            },
            {
              "function": "minecraft:set_enchantments",
              "enchantments": {
                "minecraft:protection": {
                  "min": 2,
                  "max": 6
                },
                "minecraft:projectile_protection": {
                  "min": 2,
                  "max": 8
                },
                "minecraft:blast_protection": {
                  "min": 1,
                  "max": 3
                },
                "minecraft:respiration": {
                  "min": 1,
                  "max": 5
                },
                "minecraft:aqua_affinity": {
                  "min": 0,
                  "max": 1
                }
              }
            }
          ]
        },
        {
          "type": "minecraft:item",
          "name": "minecraft:leather_helmet",
          "functions": [
            {
              "function": "minecraft:set_components",
              "components": {
                "minecraft:repair_cost": 99999,
                "minecraft:unbreakable": {},
                "minecraft:custom_name": "{\"text\":\"Flower Helmet\",\"color\":\"gold\",\"italic\":false}",
                "minecraft:lore": [
                  "{\"text\":\" \"}",
                  "{\"text\":\"Ability:\",\"color\":\"green\",\"italic\":false}",
                  "{\"text\":\"When the wearer falls below\",\"color\":\"gray\",\"italic\":false}",
                  "{\"text\":\"8 hearts a flower veil surrounds the player \",\"color\":\"gray\",\"italic\":false}",
                  "{\"text\":\"Granting immunity to every negative effect.\",\"color\":\"gray\",\"italic\":false}"
                ],
                "minecraft:dyed_color": {
                  "rgb": 7206705,
                  "show_in_tooltip": false
                },
                "minecraft:custom_data": {
                  "armor": "flower_helmet",
                  "mt": "armor"
                }
              }
            },
            {
              "function": "minecraft:set_attributes",
              "modifiers": [
                {
                  "id": "flower_helmet",
                  "attribute": "minecraft:generic.armor",
                  "amount": 4,
                  "operation": "add_value",
                  "slot": "head"
                },
                {
                  "id": "flower_helmet",
                  "attribute": "minecraft:generic.armor_toughness",
                  "amount": 3,
                  "operation": "add_value",
                  "slot": "head"
                }
              ]
            },
            {
              "function": "minecraft:set_enchantments",
              "enchantments": {
                "minecraft:protection": {
                  "min": 2,
                  "max": 6
                },
                "minecraft:projectile_protection": {
                  "min": 2,
                  "max": 8
                },
                "minecraft:blast_protection": {
                  "min": 1,
                  "max": 3
                },
                "minecraft:respiration": {
                  "min": 1,
                  "max": 5
                },
                "minecraft:aqua_affinity": {
                  "min": 0,
                  "max": 1
                }
              }
            }
          ]
        },
        {
          "type": "minecraft:item",
          "name": "minecraft:leather_helmet",
          "functions": [
            {
              "function": "minecraft:set_components",
              "components": {
                "minecraft:repair_cost": 99999,
                "minecraft:unbreakable": {},
                "minecraft:custom_name": "{\"text\":\"Flower Helmet\",\"color\":\"gold\",\"italic\":false}",
                "minecraft:lore": [
                  "{\"text\":\" \"}",
                  "{\"text\":\"Ability:\",\"color\":\"green\",\"italic\":false}",
                  "{\"text\":\"When the wearer falls below\",\"color\":\"gray\",\"italic\":false}",
                  "{\"text\":\"8 hearts a flower veil surrounds the player \",\"color\":\"gray\",\"italic\":false}",
                  "{\"text\":\"Granting immunity to every negative effect.\",\"color\":\"gray\",\"italic\":false}"
                ],
                "minecraft:dyed_color": {
                  "rgb": 7206705,
                  "show_in_tooltip": false
                },
                "minecraft:custom_data": {
                  "armor": "flower_helmet",
                  "mt": "armor"
                }
              }
            },
            {
              "function": "minecraft:set_attributes",
              "modifiers": [
                {
                  "id": "flower_helmet",
                  "attribute": "minecraft:generic.armor",
                  "amount": 4.5,
                  "operation": "add_value",
                  "slot": "head"
                },
                {
                  "id": "flower_helmet",
                  "attribute": "minecraft:generic.armor_toughness",
                  "amount": 3,
                  "operation": "add_value",
                  "slot": "head"
                }
              ]
            },
            {
              "function": "minecraft:set_enchantments",
              "enchantments": {
                "minecraft:protection": {
                  "min": 2,
                  "max": 6
                },
                "minecraft:projectile_protection": {
                  "min": 2,
                  "max": 8
                },
                "minecraft:blast_protection": {
                  "min": 1,
                  "max": 3
                },
                "minecraft:respiration": {
                  "min": 1,
                  "max": 5
                },
                "minecraft:aqua_affinity": {
                  "min": 0,
                  "max": 1
                }
              }
            }
          ]
        },
        {
          "type": "minecraft:item",
          "name": "minecraft:leather_helmet",
          "functions": [
            {
              "function": "minecraft:set_components",
              "components": {
                "minecraft:repair_cost": 99999,
                "minecraft:unbreakable": {},
                "minecraft:custom_name": "{\"text\":\"Flower Helmet\",\"color\":\"gold\",\"italic\":false}",
                "minecraft:lore": [
                  "{\"text\":\" \"}",
                  "{\"text\":\"Ability:\",\"color\":\"green\",\"italic\":false}",
                  "{\"text\":\"When the wearer falls below\",\"color\":\"gray\",\"italic\":false}",
                  "{\"text\":\"8 hearts a flower veil surrounds the player \",\"color\":\"gray\",\"italic\":false}",
                  "{\"text\":\"Granting immunity to every negative effect.\",\"color\":\"gray\",\"italic\":false}"
                ],
                "minecraft:dyed_color": {
                  "rgb": 7206705,
                  "show_in_tooltip": false
                },
                "minecraft:custom_data": {
                  "armor": "flower_helmet",
                  "mt": "armor"
                }
              }
            },
            {
              "function": "minecraft:set_attributes",
              "modifiers": [
                {
                  "id": "flower_helmet",
                  "attribute": "minecraft:generic.armor",
                  "amount": 5,
                  "operation": "add_value",
                  "slot": "head"
                },
                {
                  "id": "flower_helmet",
                  "attribute": "minecraft:generic.armor_toughness",
                  "amount": 3,
                  "operation": "add_value",
                  "slot": "head"
                }
              ]
            },
            {
              "function": "minecraft:set_enchantments",
              "enchantments": {
                "minecraft:protection": {
                  "min": 2,
                  "max": 6
                },
                "minecraft:projectile_protection": {
                  "min": 2,
                  "max": 8
                },
                "minecraft:blast_protection": {
                  "min": 1,
                  "max": 3
                },
                "minecraft:respiration": {
                  "min": 1,
                  "max": 5
                },
                "minecraft:aqua_affinity": {
                  "min": 0,
                  "max": 1
                }
              }
            }
          ]
        },
        {
          "type": "minecraft:item",
          "name": "minecraft:leather_helmet",
          "functions": [
            {
              "function": "minecraft:set_components",
              "components": {
                "minecraft:repair_cost": 99999,
                "minecraft:unbreakable": {},
                "minecraft:custom_name": "{\"text\":\"Flower Helmet\",\"color\":\"gold\",\"italic\":false}",
                "minecraft:lore": [
                  "{\"text\":\" \"}",
                  "{\"text\":\"Ability:\",\"color\":\"green\",\"italic\":false}",
                  "{\"text\":\"When the wearer falls below\",\"color\":\"gray\",\"italic\":false}",
                  "{\"text\":\"8 hearts a flower veil surrounds the player \",\"color\":\"gray\",\"italic\":false}",
                  "{\"text\":\"Granting immunity to every negative effect.\",\"color\":\"gray\",\"italic\":false}"
                ],
                "minecraft:dyed_color": {
                  "rgb": 7206705,
                  "show_in_tooltip": false
                },
                "minecraft:custom_data": {
                  "armor": "flower_helmet",
                  "mt": "armor"
                }
              }
            },
            {
              "function": "minecraft:set_attributes",
              "modifiers": [
                {
                  "id": "flower_helmet",
                  "attribute": "minecraft:generic.armor",
                  "amount": 3,
                  "operation": "add_value",
                  "slot": "head"
                },
                {
                  "id": "flower_helmet",
                  "attribute": "minecraft:generic.armor_toughness",
                  "amount": 3.5,
                  "operation": "add_value",
                  "slot": "head"
                }
              ]
            },
            {
              "function": "minecraft:set_enchantments",
              "enchantments": {
                "minecraft:protection": {
                  "min": 2,
                  "max": 6
                },
                "minecraft:projectile_protection": {
                  "min": 2,
                  "max": 8
                },
                "minecraft:blast_protection": {
                  "min": 1,
                  "max": 3
                },
                "minecraft:respiration": {
                  "min": 1,
                  "max": 5
                },
                "minecraft:aqua_affinity": {
                  "min": 0,
                  "max": 1
                }
              }
            }
          ]
        },
        {
          "type": "minecraft:item",
          "name": "minecraft:leather_helmet",
          "functions": [
            {
              "function": "minecraft:set_components",
              "components": {
                "minecraft:repair_cost": 99999,
                "minecraft:unbreakable": {},
                "minecraft:custom_name": "{\"text\":\"Flower Helmet\",\"color\":\"gold\",\"italic\":false}",
                "minecraft:lore": [
                  "{\"text\":\" \"}",
                  "{\"text\":\"Ability:\",\"color\":\"green\",\"italic\":false}",
                  "{\"text\":\"When the wearer falls below\",\"color\":\"gray\",\"italic\":false}",
                  "{\"text\":\"8 hearts a flower veil surrounds the player \",\"color\":\"gray\",\"italic\":false}",
                  "{\"text\":\"Granting immunity to every negative effect.\",\"color\":\"gray\",\"italic\":false}"
                ],
                "minecraft:dyed_color": {
                  "rgb": 7206705,
                  "show_in_tooltip": false
                },
                "minecraft:custom_data": {
                  "armor": "flower_helmet",
                  "mt": "armor"
                }
              }
            },
            {
              "function": "minecraft:set_attributes",
              "modifiers": [
                {
                  "id": "flower_helmet",
                  "attribute": "minecraft:generic.armor",
                  "amount": 4,
                  "operation": "add_value",
                  "slot": "head"
                },
                {
                  "id": "flower_helmet",
                  "attribute": "minecraft:generic.armor_toughness",
                  "amount": 3.5,
                  "operation": "add_value",
                  "slot": "head"
                }
              ]
            },
            {
              "function": "minecraft:set_enchantments",
              "enchantments": {
                "minecraft:protection": {
                  "min": 2,
                  "max": 6
                },
                "minecraft:projectile_protection": {
                  "min": 2,
                  "max": 8
                },
                "minecraft:blast_protection": {
                  "min": 1,
                  "max": 3
                },
                "minecraft:respiration": {
                  "min": 1,
                  "max": 5
                },
                "minecraft:aqua_affinity": {
                  "min": 0,
                  "max": 1
                }
              }
            }
          ]
        },
        {
          "type": "minecraft:item",
          "name": "minecraft:leather_helmet",
          "functions": [
            {
              "function": "minecraft:set_components",
              "components": {
                "minecraft:repair_cost": 99999,
                "minecraft:unbreakable": {},
                "minecraft:custom_name": "{\"text\":\"Flower Helmet\",\"color\":\"gold\",\"italic\":false}",
                "minecraft:lore": [
                  "{\"text\":\" \"}",
                  "{\"text\":\"Ability:\",\"color\":\"green\",\"italic\":false}",
                  "{\"text\":\"When the wearer falls below\",\"color\":\"gray\",\"italic\":false}",
                  "{\"text\":\"8 hearts a flower veil surrounds the player \",\"color\":\"gray\",\"italic\":false}",
                  "{\"text\":\"Granting immunity to every negative effect.\",\"color\":\"gray\",\"italic\":false}"
                ],
                "minecraft:dyed_color": {
                  "rgb": 7206705,
                  "show_in_tooltip": false
                },
                "minecraft:custom_data": {
                  "armor": "flower_helmet",
                  "mt": "armor"
                }
              }
            },
            {
              "function": "minecraft:set_attributes",
              "modifiers": [
                {
                  "id": "flower_helmet",
                  "attribute": "minecraft:generic.armor",
                  "amount": 4.5,
                  "operation": "add_value",
                  "slot": "head"
                },
                {
                  "id": "flower_helmet",
                  "attribute": "minecraft:generic.armor_toughness",
                  "amount": 3.5,
                  "operation": "add_value",
                  "slot": "head"
                }
              ]
            },
            {
              "function": "minecraft:set_enchantments",
              "enchantments": {
                "minecraft:protection": {
                  "min": 2,
                  "max": 6
                },
                "minecraft:projectile_protection": {
                  "min": 2,
                  "max": 8
                },
                "minecraft:blast_protection": {
                  "min": 1,
                  "max": 3
                },
                "minecraft:respiration": {
                  "min": 1,
                  "max": 5
                },
                "minecraft:aqua_affinity": {
                  "min": 0,
                  "max": 1
                }
              }
            }
          ]
        },
        {
          "type": "minecraft:item",
          "name": "minecraft:leather_helmet",
          "functions": [
            {
              "function": "minecraft:set_components",
              "components": {
                "minecraft:repair_cost": 99999,
                "minecraft:unbreakable": {},
                "minecraft:custom_name": "{\"text\":\"Flower Helmet\",\"color\":\"gold\",\"italic\":false}",
                "minecraft:lore": [
                  "{\"text\":\" \"}",
                  "{\"text\":\"Ability:\",\"color\":\"green\",\"italic\":false}",
                  "{\"text\":\"When the wearer falls below\",\"color\":\"gray\",\"italic\":false}",
                  "{\"text\":\"8 hearts a flower veil surrounds the player \",\"color\":\"gray\",\"italic\":false}",
                  "{\"text\":\"Granting immunity to every negative effect.\",\"color\":\"gray\",\"italic\":false}"
                ],
                "minecraft:dyed_color": {
                  "rgb": 7206705,
                  "show_in_tooltip": false
                },
                "minecraft:custom_data": {
                  "armor": "flower_helmet",
                  "mt": "armor"
                }
              }
            },
            {
              "function": "minecraft:set_attributes",
              "modifiers": [
                {
                  "id": "flower_helmet",
                  "attribute": "minecraft:generic.armor",
                  "amount": 5,
                  "operation": "add_value",
                  "slot": "head"
                },
                {
                  "id": "flower_helmet",
                  "attribute": "minecraft:generic.armor_toughness",
                  "amount": 3.5,
                  "operation": "add_value",
                  "slot": "head"
                }
              ]
            },
            {
              "function": "minecraft:set_enchantments",
              "enchantments": {
                "minecraft:protection": {
                  "min": 2,
                  "max": 6
                },
                "minecraft:projectile_protection": {
                  "min": 2,
                  "max": 8
                },
                "minecraft:blast_protection": {
                  "min": 1,
                  "max": 3
                },
                "minecraft:respiration": {
                  "min": 1,
                  "max": 5
                },
                "minecraft:aqua_affinity": {
                  "min": 0,
                  "max": 1
                }
              }
            }
          ]
        },
        {
          "type": "minecraft:item",
          "name": "minecraft:leather_helmet",
          "functions": [
            {
              "function": "minecraft:set_components",
              "components": {
                "minecraft:repair_cost": 99999,
                "minecraft:unbreakable": {},
                "minecraft:custom_name": "{\"text\":\"Flower Helmet\",\"color\":\"gold\",\"italic\":false}",
                "minecraft:lore": [
                  "{\"text\":\" \"}",
                  "{\"text\":\"Ability:\",\"color\":\"green\",\"italic\":false}",
                  "{\"text\":\"When the wearer falls below\",\"color\":\"gray\",\"italic\":false}",
                  "{\"text\":\"8 hearts a flower veil surrounds the player \",\"color\":\"gray\",\"italic\":false}",
                  "{\"text\":\"Granting immunity to every negative effect.\",\"color\":\"gray\",\"italic\":false}"
                ],
                "minecraft:dyed_color": {
                  "rgb": 7206705,
                  "show_in_tooltip": false
                },
                "minecraft:custom_data": {
                  "armor": "flower_helmet",
                  "mt": "armor"
                }
              }
            },
            {
              "function": "minecraft:set_attributes",
              "modifiers": [
                {
                  "id": "flower_helmet",
                  "attribute": "minecraft:generic.armor",
                  "amount": 3,
                  "operation": "add_value",
                  "slot": "head"
                },
                {
                  "id": "flower_helmet",
                  "attribute": "minecraft:generic.armor_toughness",
                  "amount": 4,
                  "operation": "add_value",
                  "slot": "head"
                }
              ]
            },
            {
              "function": "minecraft:set_enchantments",
              "enchantments": {
                "minecraft:protection": {
                  "min": 2,
                  "max": 6
                },
                "minecraft:projectile_protection": {
                  "min": 2,
                  "max": 8
                },
                "minecraft:blast_protection": {
                  "min": 1,
                  "max": 3
                },
                "minecraft:respiration": {
                  "min": 1,
                  "max": 5
                },
                "minecraft:aqua_affinity": {
                  "min": 0,
                  "max": 1
                }
              }
            }
          ]
        },
        {
          "type": "minecraft:item",
          "name": "minecraft:leather_helmet",
          "functions": [
            {
              "function": "minecraft:set_components",
              "components": {
                "minecraft:repair_cost": 99999,
                "minecraft:unbreakable": {},
                "minecraft:custom_name": "{\"text\":\"Flower Helmet\",\"color\":\"gold\",\"italic\":false}",
                "minecraft:lore": [
                  "{\"text\":\" \"}",
                  "{\"text\":\"Ability:\",\"color\":\"green\",\"italic\":false}",
                  "{\"text\":\"When the wearer falls below\",\"color\":\"gray\",\"italic\":false}",
                  "{\"text\":\"8 hearts a flower veil surrounds the player \",\"color\":\"gray\",\"italic\":false}",
                  "{\"text\":\"Granting immunity to every negative effect.\",\"color\":\"gray\",\"italic\":false}"
                ],
                "minecraft:dyed_color": {
                  "rgb": 7206705,
                  "show_in_tooltip": false
                },
                "minecraft:custom_data": {
                  "armor": "flower_helmet",
                  "mt": "armor"
                }
              }
            },
            {
              "function": "minecraft:set_attributes",
              "modifiers": [
                {
                  "id": "flower_helmet",
                  "attribute": "minecraft:generic.armor",
                  "amount": 3.5,
                  "operation": "add_value",
                  "slot": "head"
                },
                {
                  "id": "flower_helmet",
                  "attribute": "minecraft:generic.armor_toughness",
                  "amount": 4,
                  "operation": "add_value",
                  "slot": "head"
                }
              ]
            },
            {
              "function": "minecraft:set_enchantments",
              "enchantments": {
                "minecraft:protection": {
                  "min": 2,
                  "max": 6
                },
                "minecraft:projectile_protection": {
                  "min": 2,
                  "max": 8
                },
                "minecraft:blast_protection": {
                  "min": 1,
                  "max": 3
                },
                "minecraft:respiration": {
                  "min": 1,
                  "max": 5
                },
                "minecraft:aqua_affinity": {
                  "min": 0,
                  "max": 1
                }
              }
            }
          ]
        },
        {
          "type": "minecraft:item",
          "name": "minecraft:leather_helmet",
          "functions": [
            {
              "function": "minecraft:set_components",
              "components": {
                "minecraft:repair_cost": 99999,
                "minecraft:unbreakable": {},
                "minecraft:custom_name": "{\"text\":\"Flower Helmet\",\"color\":\"gold\",\"italic\":false}",
                "minecraft:lore": [
                  "{\"text\":\" \"}",
                  "{\"text\":\"Ability:\",\"color\":\"green\",\"italic\":false}",
                  "{\"text\":\"When the wearer falls below\",\"color\":\"gray\",\"italic\":false}",
                  "{\"text\":\"8 hearts a flower veil surrounds the player \",\"color\":\"gray\",\"italic\":false}",
                  "{\"text\":\"Granting immunity to every negative effect.\",\"color\":\"gray\",\"italic\":false}"
                ],
                "minecraft:dyed_color": {
                  "rgb": 7206705,
                  "show_in_tooltip": false
                },
                "minecraft:custom_data": {
                  "armor": "flower_helmet",
                  "mt": "armor"
                }
              }
            },
            {
              "function": "minecraft:set_attributes",
              "modifiers": [
                {
                  "id": "flower_helmet",
                  "attribute": "minecraft:generic.armor",
                  "amount": 4.5,
                  "operation": "add_value",
                  "slot": "head"
                },
                {
                  "id": "flower_helmet",
                  "attribute": "minecraft:generic.armor_toughness",
                  "amount": 4,
                  "operation": "add_value",
                  "slot": "head"
                }
              ]
            },
            {
              "function": "minecraft:set_enchantments",
              "enchantments": {
                "minecraft:protection": {
                  "min": 2,
                  "max": 6
                },
                "minecraft:projectile_protection": {
                  "min": 2,
                  "max": 8
                },
                "minecraft:blast_protection": {
                  "min": 1,
                  "max": 3
                },
                "minecraft:respiration": {
                  "min": 1,
                  "max": 5
                },
                "minecraft:aqua_affinity": {
                  "min": 0,
                  "max": 1
                }
              }
            }
          ]
        },
        {
          "type": "minecraft:item",
          "name": "minecraft:leather_helmet",
          "functions": [
            {
              "function": "minecraft:set_components",
              "components": {
                "minecraft:repair_cost": 99999,
                "minecraft:unbreakable": {},
                "minecraft:custom_name": "{\"text\":\"Flower Helmet\",\"color\":\"gold\",\"italic\":false}",
                "minecraft:lore": [
                  "{\"text\":\" \"}",
                  "{\"text\":\"Ability:\",\"color\":\"green\",\"italic\":false}",
                  "{\"text\":\"When the wearer falls below\",\"color\":\"gray\",\"italic\":false}",
                  "{\"text\":\"8 hearts a flower veil surrounds the player \",\"color\":\"gray\",\"italic\":false}",
                  "{\"text\":\"Granting immunity to every negative effect.\",\"color\":\"gray\",\"italic\":false}"
                ],
                "minecraft:dyed_color": {
                  "rgb": 7206705,
                  "show_in_tooltip": false
                },
                "minecraft:custom_data": {
                  "armor": "flower_helmet",
                  "mt": "armor"
                }
              }
            },
            {
              "function": "minecraft:set_attributes",
              "modifiers": [
                {
                  "id": "flower_helmet",
                  "attribute": "minecraft:generic.armor",
                  "amount": 5,
                  "operation": "add_value",
                  "slot": "head"
                },
                {
                  "id": "flower_helmet",
                  "attribute": "minecraft:generic.armor_toughness",
                  "amount": 4,
                  "operation": "add_value",
                  "slot": "head"
                }
              ]
            },
            {
              "function": "minecraft:set_enchantments",
              "enchantments": {
                "minecraft:protection": {
                  "min": 2,
                  "max": 6
                },
                "minecraft:projectile_protection": {
                  "min": 2,
                  "max": 8
                },
                "minecraft:blast_protection": {
                  "min": 1,
                  "max": 3
                },
                "minecraft:respiration": {
                  "min": 1,
                  "max": 5
                },
                "minecraft:aqua_affinity": {
                  "min": 0,
                  "max": 1
                }
              }
            }
          ]
        },
        {
          "type": "minecraft:item",
          "name": "minecraft:leather_helmet",
          "functions": [
            {
              "function": "minecraft:set_components",
              "components": {
                "minecraft:repair_cost": 99999,
                "minecraft:unbreakable": {},
                "minecraft:custom_name": "{\"text\":\"Flower Helmet\",\"color\":\"gold\",\"italic\":false}",
                "minecraft:lore": [
                  "{\"text\":\" \"}",
                  "{\"text\":\"Ability:\",\"color\":\"green\",\"italic\":false}",
                  "{\"text\":\"When the wearer falls below\",\"color\":\"gray\",\"italic\":false}",
                  "{\"text\":\"8 hearts a flower veil surrounds the player \",\"color\":\"gray\",\"italic\":false}",
                  "{\"text\":\"Granting immunity to every negative effect.\",\"color\":\"gray\",\"italic\":false}"
                ],
                "minecraft:dyed_color": {
                  "rgb": 7206705,
                  "show_in_tooltip": false
                },
                "minecraft:custom_data": {
                  "armor": "flower_helmet",
                  "mt": "armor"
                }
              }
            },
            {
              "function": "minecraft:set_attributes",
              "modifiers": [
                {
                  "id": "flower_helmet",
                  "attribute": "minecraft:generic.armor",
                  "amount": 3,
                  "operation": "add_value",
                  "slot": "head"
                },
                {
                  "id": "flower_helmet",
                  "attribute": "minecraft:generic.armor_toughness",
                  "amount": 4.5,
                  "operation": "add_value",
                  "slot": "head"
                }
              ]
            },
            {
              "function": "minecraft:set_enchantments",
              "enchantments": {
                "minecraft:protection": {
                  "min": 2,
                  "max": 6
                },
                "minecraft:projectile_protection": {
                  "min": 2,
                  "max": 8
                },
                "minecraft:blast_protection": {
                  "min": 1,
                  "max": 3
                },
                "minecraft:respiration": {
                  "min": 1,
                  "max": 5
                },
                "minecraft:aqua_affinity": {
                  "min": 0,
                  "max": 1
                }
              }
            }
          ]
        },
        {
          "type": "minecraft:item",
          "name": "minecraft:leather_helmet",
          "functions": [
            {
              "function": "minecraft:set_components",
              "components": {
                "minecraft:repair_cost": 99999,
                "minecraft:unbreakable": {},
                "minecraft:custom_name": "{\"text\":\"Flower Helmet\",\"color\":\"gold\",\"italic\":false}",
                "minecraft:lore": [
                  "{\"text\":\" \"}",
                  "{\"text\":\"Ability:\",\"color\":\"green\",\"italic\":false}",
                  "{\"text\":\"When the wearer falls below\",\"color\":\"gray\",\"italic\":false}",
                  "{\"text\":\"8 hearts a flower veil surrounds the player \",\"color\":\"gray\",\"italic\":false}",
                  "{\"text\":\"Granting immunity to every negative effect.\",\"color\":\"gray\",\"italic\":false}"
                ],
                "minecraft:dyed_color": {
                  "rgb": 7206705,
                  "show_in_tooltip": false
                },
                "minecraft:custom_data": {
                  "armor": "flower_helmet",
                  "mt": "armor"
                }
              }
            },
            {
              "function": "minecraft:set_attributes",
              "modifiers": [
                {
                  "id": "flower_helmet",
                  "attribute": "minecraft:generic.armor",
                  "amount": 3.5,
                  "operation": "add_value",
                  "slot": "head"
                },
                {
                  "id": "flower_helmet",
                  "attribute": "minecraft:generic.armor_toughness",
                  "amount": 4.5,
                  "operation": "add_value",
                  "slot": "head"
                }
              ]
            },
            {
              "function": "minecraft:set_enchantments",
              "enchantments": {
                "minecraft:protection": {
                  "min": 2,
                  "max": 6
                },
                "minecraft:projectile_protection": {
                  "min": 2,
                  "max": 8
                },
                "minecraft:blast_protection": {
                  "min": 1,
                  "max": 3
                },
                "minecraft:respiration": {
                  "min": 1,
                  "max": 5
                },
                "minecraft:aqua_affinity": {
                  "min": 0,
                  "max": 1
                }
              }
            }
          ]
        },
        {
          "type": "minecraft:item",
          "name": "minecraft:leather_helmet",
          "functions": [
            {
              "function": "minecraft:set_components",
              "components": {
                "minecraft:repair_cost": 99999,
                "minecraft:unbreakable": {},
                "minecraft:custom_name": "{\"text\":\"Flower Helmet\",\"color\":\"gold\",\"italic\":false}",
                "minecraft:lore": [
                  "{\"text\":\" \"}",
                  "{\"text\":\"Ability:\",\"color\":\"green\",\"italic\":false}",
                  "{\"text\":\"When the wearer falls below\",\"color\":\"gray\",\"italic\":false}",
                  "{\"text\":\"8 hearts a flower veil surrounds the player \",\"color\":\"gray\",\"italic\":false}",
                  "{\"text\":\"Granting immunity to every negative effect.\",\"color\":\"gray\",\"italic\":false}"
                ],
                "minecraft:dyed_color": {
                  "rgb": 7206705,
                  "show_in_tooltip": false
                },
                "minecraft:custom_data": {
                  "armor": "flower_helmet",
                  "mt": "armor"
                }
              }
            },
            {
              "function": "minecraft:set_attributes",
              "modifiers": [
                {
                  "id": "flower_helmet",
                  "attribute": "minecraft:generic.armor",
                  "amount": 4,
                  "operation": "add_value",
                  "slot": "head"
                },
                {
                  "id": "flower_helmet",
                  "attribute": "minecraft:generic.armor_toughness",
                  "amount": 4.5,
                  "operation": "add_value",
                  "slot": "head"
                }
              ]
            },
            {
              "function": "minecraft:set_enchantments",
              "enchantments": {
                "minecraft:protection": {
                  "min": 2,
                  "max": 6
                },
                "minecraft:projectile_protection": {
                  "min": 2,
                  "max": 8
                },
                "minecraft:blast_protection": {
                  "min": 1,
                  "max": 3
                },
                "minecraft:respiration": {
                  "min": 1,
                  "max": 5
                },
                "minecraft:aqua_affinity": {
                  "min": 0,
                  "max": 1
                }
              }
            }
          ]
        },
        {
          "type": "minecraft:item",
          "name": "minecraft:leather_helmet",
          "functions": [
            {
              "function": "minecraft:set_components",
              "components": {
                "minecraft:repair_cost": 99999,
                "minecraft:unbreakable": {},
                "minecraft:custom_name": "{\"text\":\"Flower Helmet\",\"color\":\"gold\",\"italic\":false}",
                "minecraft:lore": [
                  "{\"text\":\" \"}",
                  "{\"text\":\"Ability:\",\"color\":\"green\",\"italic\":false}",
                  "{\"text\":\"When the wearer falls below\",\"color\":\"gray\",\"italic\":false}",
                  "{\"text\":\"8 hearts a flower veil surrounds the player \",\"color\":\"gray\",\"italic\":false}",
                  "{\"text\":\"Granting immunity to every negative effect.\",\"color\":\"gray\",\"italic\":false}"
                ],
                "minecraft:dyed_color": {
                  "rgb": 7206705,
                  "show_in_tooltip": false
                },
                "minecraft:custom_data": {
                  "armor": "flower_helmet",
                  "mt": "armor"
                }
              }
            },
            {
              "function": "minecraft:set_attributes",
              "modifiers": [
                {
                  "id": "flower_helmet",
                  "attribute": "minecraft:generic.armor",
                  "amount": 5,
                  "operation": "add_value",
                  "slot": "head"
                },
                {
                  "id": "flower_helmet",
                  "attribute": "minecraft:generic.armor_toughness",
                  "amount": 4.5,
                  "operation": "add_value",
                  "slot": "head"
                }
              ]
            },
            {
              "function": "minecraft:set_enchantments",
              "enchantments": {
                "minecraft:protection": {
                  "min": 2,
                  "max": 6
                },
                "minecraft:projectile_protection": {
                  "min": 2,
                  "max": 8
                },
                "minecraft:blast_protection": {
                  "min": 1,
                  "max": 3
                },
                "minecraft:respiration": {
                  "min": 1,
                  "max": 5
                },
                "minecraft:aqua_affinity": {
                  "min": 0,
                  "max": 1
                }
              }
            }
          ]
        },
        {
          "type": "minecraft:item",
          "name": "minecraft:leather_helmet",
          "functions": [
            {
              "function": "minecraft:set_components",
              "components": {
                "minecraft:repair_cost": 99999,
                "minecraft:unbreakable": {},
                "minecraft:custom_name": "{\"text\":\"Flower Helmet\",\"color\":\"gold\",\"italic\":false}",
                "minecraft:lore": [
                  "{\"text\":\" \"}",
                  "{\"text\":\"Ability:\",\"color\":\"green\",\"italic\":false}",
                  "{\"text\":\"When the wearer falls below\",\"color\":\"gray\",\"italic\":false}",
                  "{\"text\":\"8 hearts a flower veil surrounds the player \",\"color\":\"gray\",\"italic\":false}",
                  "{\"text\":\"Granting immunity to every negative effect.\",\"color\":\"gray\",\"italic\":false}"
                ],
                "minecraft:dyed_color": {
                  "rgb": 7206705,
                  "show_in_tooltip": false
                },
                "minecraft:custom_data": {
                  "armor": "flower_helmet",
                  "mt": "armor"
                }
              }
            },
            {
              "function": "minecraft:set_attributes",
              "modifiers": [
                {
                  "id": "flower_helmet",
                  "attribute": "minecraft:generic.armor",
                  "amount": 3,
                  "operation": "add_value",
                  "slot": "head"
                },
                {
                  "id": "flower_helmet",
                  "attribute": "minecraft:generic.armor_toughness",
                  "amount": 5,
                  "operation": "add_value",
                  "slot": "head"
                }
              ]
            },
            {
              "function": "minecraft:set_enchantments",
              "enchantments": {
                "minecraft:protection": {
                  "min": 2,
                  "max": 6
                },
                "minecraft:projectile_protection": {
                  "min": 2,
                  "max": 8
                },
                "minecraft:blast_protection": {
                  "min": 1,
                  "max": 3
                },
                "minecraft:respiration": {
                  "min": 1,
                  "max": 5
                },
                "minecraft:aqua_affinity": {
                  "min": 0,
                  "max": 1
                }
              }
            }
          ]
        },
        {
          "type": "minecraft:item",
          "name": "minecraft:leather_helmet",
          "functions": [
            {
              "function": "minecraft:set_components",
              "components": {
                "minecraft:repair_cost": 99999,
                "minecraft:unbreakable": {},
                "minecraft:custom_name": "{\"text\":\"Flower Helmet\",\"color\":\"gold\",\"italic\":false}",
                "minecraft:lore": [
                  "{\"text\":\" \"}",
                  "{\"text\":\"Ability:\",\"color\":\"green\",\"italic\":false}",
                  "{\"text\":\"When the wearer falls below\",\"color\":\"gray\",\"italic\":false}",
                  "{\"text\":\"8 hearts a flower veil surrounds the player \",\"color\":\"gray\",\"italic\":false}",
                  "{\"text\":\"Granting immunity to every negative effect.\",\"color\":\"gray\",\"italic\":false}"
                ],
                "minecraft:dyed_color": {
                  "rgb": 7206705,
                  "show_in_tooltip": false
                },
                "minecraft:custom_data": {
                  "armor": "flower_helmet",
                  "mt": "armor"
                }
              }
            },
            {
              "function": "minecraft:set_attributes",
              "modifiers": [
                {
                  "id": "flower_helmet",
                  "attribute": "minecraft:generic.armor",
                  "amount": 3.5,
                  "operation": "add_value",
                  "slot": "head"
                },
                {
                  "id": "flower_helmet",
                  "attribute": "minecraft:generic.armor_toughness",
                  "amount": 5,
                  "operation": "add_value",
                  "slot": "head"
                }
              ]
            },
            {
              "function": "minecraft:set_enchantments",
              "enchantments": {
                "minecraft:protection": {
                  "min": 2,
                  "max": 6
                },
                "minecraft:projectile_protection": {
                  "min": 2,
                  "max": 8
                },
                "minecraft:blast_protection": {
                  "min": 1,
                  "max": 3
                },
                "minecraft:respiration": {
                  "min": 1,
                  "max": 5
                },
                "minecraft:aqua_affinity": {
                  "min": 0,
                  "max": 1
                }
              }
            }
          ]
        },
        {
          "type": "minecraft:item",
          "name": "minecraft:leather_helmet",
          "functions": [
            {
              "function": "minecraft:set_components",
              "components": {
                "minecraft:repair_cost": 99999,
                "minecraft:unbreakable": {},
                "minecraft:custom_name": "{\"text\":\"Flower Helmet\",\"color\":\"gold\",\"italic\":false}",
                "minecraft:lore": [
                  "{\"text\":\" \"}",
                  "{\"text\":\"Ability:\",\"color\":\"green\",\"italic\":false}",
                  "{\"text\":\"When the wearer falls below\",\"color\":\"gray\",\"italic\":false}",
                  "{\"text\":\"8 hearts a flower veil surrounds the player \",\"color\":\"gray\",\"italic\":false}",
                  "{\"text\":\"Granting immunity to every negative effect.\",\"color\":\"gray\",\"italic\":false}"
                ],
                "minecraft:dyed_color": {
                  "rgb": 7206705,
                  "show_in_tooltip": false
                },
                "minecraft:custom_data": {
                  "armor": "flower_helmet",
                  "mt": "armor"
                }
              }
            },
            {
              "function": "minecraft:set_attributes",
              "modifiers": [
                {
                  "id": "flower_helmet",
                  "attribute": "minecraft:generic.armor",
                  "amount": 4,
                  "operation": "add_value",
                  "slot": "head"
                },
                {
                  "id": "flower_helmet",
                  "attribute": "minecraft:generic.armor_toughness",
                  "amount": 5,
                  "operation": "add_value",
                  "slot": "head"
                }
              ]
            },
            {
              "function": "minecraft:set_enchantments",
              "enchantments": {
                "minecraft:protection": {
                  "min": 2,
                  "max": 6
                },
                "minecraft:projectile_protection": {
                  "min": 2,
                  "max": 8
                },
                "minecraft:blast_protection": {
                  "min": 1,
                  "max": 3
                },
                "minecraft:respiration": {
                  "min": 1,
                  "max": 5
                },
                "minecraft:aqua_affinity": {
                  "min": 0,
                  "max": 1
                }
              }
            }
          ]
        },
        {
          "type": "minecraft:item",
          "name": "minecraft:leather_helmet",
          "functions": [
            {
              "function": "minecraft:set_components",
              "components": {
                "minecraft:repair_cost": 99999,
                "minecraft:unbreakable": {},
                "minecraft:custom_name": "{\"text\":\"Flower Helmet\",\"color\":\"gold\",\"italic\":false}",
                "minecraft:lore": [
                  "{\"text\":\" \"}",
                  "{\"text\":\"Ability:\",\"color\":\"green\",\"italic\":false}",
                  "{\"text\":\"When the wearer falls below\",\"color\":\"gray\",\"italic\":false}",
                  "{\"text\":\"8 hearts a flower veil surrounds the player \",\"color\":\"gray\",\"italic\":false}",
                  "{\"text\":\"Granting immunity to every negative effect.\",\"color\":\"gray\",\"italic\":false}"
                ],
                "minecraft:dyed_color": {
                  "rgb": 7206705,
                  "show_in_tooltip": false
                },
                "minecraft:custom_data": {
                  "armor": "flower_helmet",
                  "mt": "armor"
                }
              }
            },
            {
              "function": "minecraft:set_attributes",
              "modifiers": [
                {
                  "id": "flower_helmet",
                  "attribute": "minecraft:generic.armor",
                  "amount": 4.5,
                  "operation": "add_value",
                  "slot": "head"
                },
                {
                  "id": "flower_helmet",
                  "attribute": "minecraft:generic.armor_toughness",
                  "amount": 5,
                  "operation": "add_value",
                  "slot": "head"
                }
              ]
            },
            {
              "function": "minecraft:set_enchantments",
              "enchantments": {
                "minecraft:protection": {
                  "min": 2,
                  "max": 6
                },
                "minecraft:projectile_protection": {
                  "min": 2,
                  "max": 8
                },
                "minecraft:blast_protection": {
                  "min": 1,
                  "max": 3
                },
                "minecraft:respiration": {
                  "min": 1,
                  "max": 5
                },
                "minecraft:aqua_affinity": {
                  "min": 0,
                  "max": 1
                }
              }
            }
          ]
        },
        {
          "type": "minecraft:item",
          "name": "minecraft:leather_helmet",
          "functions": [
            {
              "function": "minecraft:set_components",
              "components": {
                "minecraft:repair_cost": 99999,
                "minecraft:unbreakable": {},
                "minecraft:custom_name": "{\"text\":\"Flower Helmet\",\"color\":\"gold\",\"italic\":false}",
                "minecraft:lore": [
                  "{\"text\":\" \"}",
                  "{\"text\":\"Ability:\",\"color\":\"green\",\"italic\":false}",
                  "{\"text\":\"When the wearer falls below\",\"color\":\"gray\",\"italic\":false}",
                  "{\"text\":\"8 hearts a flower veil surrounds the player \",\"color\":\"gray\",\"italic\":false}",
                  "{\"text\":\"Granting immunity to every negative effect.\",\"color\":\"gray\",\"italic\":false}"
                ],
                "minecraft:dyed_color": {
                  "rgb": 7206705,
                  "show_in_tooltip": false
                },
                "minecraft:custom_data": {
                  "armor": "flower_helmet",
                  "mt": "armor"
                }
              }
            },
            {
              "function": "minecraft:set_attributes",
              "modifiers": [
                {
                  "id": "flower_helmet",
                  "attribute": "minecraft:generic.armor",
                  "amount": 2.5,
                  "operation": "add_value",
                  "slot": "head"
                },
                {
                  "id": "flower_helmet",
                  "attribute": "minecraft:generic.armor_toughness",
                  "amount": 3,
                  "operation": "add_value",
                  "slot": "head"
                }
              ]
            },
            {
              "function": "minecraft:set_enchantments",
              "enchantments": {
                "minecraft:protection": {
                  "min": 2,
                  "max": 6
                },
                "minecraft:projectile_protection": {
                  "min": 2,
                  "max": 8
                },
                "minecraft:blast_protection": {
                  "min": 1,
                  "max": 3
                },
                "minecraft:respiration": {
                  "min": 1,
                  "max": 5
                },
                "minecraft:aqua_affinity": {
                  "min": 0,
                  "max": 1
                }
              }
            }
          ]
        },
        {
          "type": "minecraft:item",
          "name": "minecraft:leather_helmet",
          "functions": [
            {
              "function": "minecraft:set_components",
              "components": {
                "minecraft:repair_cost": 99999,
                "minecraft:unbreakable": {},
                "minecraft:custom_name": "{\"text\":\"Flower Helmet\",\"color\":\"gold\",\"italic\":false}",
                "minecraft:lore": [
                  "{\"text\":\" \"}",
                  "{\"text\":\"Ability:\",\"color\":\"green\",\"italic\":false}",
                  "{\"text\":\"When the wearer falls below\",\"color\":\"gray\",\"italic\":false}",
                  "{\"text\":\"8 hearts a flower veil surrounds the player \",\"color\":\"gray\",\"italic\":false}",
                  "{\"text\":\"Granting immunity to every negative effect.\",\"color\":\"gray\",\"italic\":false}"
                ],
                "minecraft:dyed_color": {
                  "rgb": 7206705,
                  "show_in_tooltip": false
                },
                "minecraft:custom_data": {
                  "armor": "flower_helmet",
                  "mt": "armor"
                }
              }
            },
            {
              "function": "minecraft:set_attributes",
              "modifiers": [
                {
                  "id": "flower_helmet",
                  "attribute": "minecraft:generic.armor",
                  "amount": 2.5,
                  "operation": "add_value",
                  "slot": "head"
                },
                {
                  "id": "flower_helmet",
                  "attribute": "minecraft:generic.armor_toughness",
                  "amount": 3.5,
                  "operation": "add_value",
                  "slot": "head"
                }
              ]
            },
            {
              "function": "minecraft:set_enchantments",
              "enchantments": {
                "minecraft:protection": {
                  "min": 2,
                  "max": 6
                },
                "minecraft:projectile_protection": {
                  "min": 2,
                  "max": 8
                },
                "minecraft:blast_protection": {
                  "min": 1,
                  "max": 3
                },
                "minecraft:respiration": {
                  "min": 1,
                  "max": 5
                },
                "minecraft:aqua_affinity": {
                  "min": 0,
                  "max": 1
                }
              }
            }
          ]
        },
        {
          "type": "minecraft:item",
          "name": "minecraft:leather_helmet",
          "functions": [
            {
              "function": "minecraft:set_components",
              "components": {
                "minecraft:repair_cost": 99999,
                "minecraft:unbreakable": {},
                "minecraft:custom_name": "{\"text\":\"Flower Helmet\",\"color\":\"gold\",\"italic\":false}",
                "minecraft:lore": [
                  "{\"text\":\" \"}",
                  "{\"text\":\"Ability:\",\"color\":\"green\",\"italic\":false}",
                  "{\"text\":\"When the wearer falls below\",\"color\":\"gray\",\"italic\":false}",
                  "{\"text\":\"8 hearts a flower veil surrounds the player \",\"color\":\"gray\",\"italic\":false}",
                  "{\"text\":\"Granting immunity to every negative effect.\",\"color\":\"gray\",\"italic\":false}"
                ],
                "minecraft:dyed_color": {
                  "rgb": 7206705,
                  "show_in_tooltip": false
                },
                "minecraft:custom_data": {
                  "armor": "flower_helmet",
                  "mt": "armor"
                }
              }
            },
            {
              "function": "minecraft:set_attributes",
              "modifiers": [
                {
                  "id": "flower_helmet",
                  "attribute": "minecraft:generic.armor",
                  "amount": 2.5,
                  "operation": "add_value",
                  "slot": "head"
                },
                {
                  "id": "flower_helmet",
                  "attribute": "minecraft:generic.armor_toughness",
                  "amount": 4,
                  "operation": "add_value",
                  "slot": "head"
                }
              ]
            },
            {
              "function": "minecraft:set_enchantments",
              "enchantments": {
                "minecraft:protection": {
                  "min": 2,
                  "max": 6
                },
                "minecraft:projectile_protection": {
                  "min": 2,
                  "max": 8
                },
                "minecraft:blast_protection": {
                  "min": 1,
                  "max": 3
                },
                "minecraft:respiration": {
                  "min": 1,
                  "max": 5
                },
                "minecraft:aqua_affinity": {
                  "min": 0,
                  "max": 1
                }
              }
            }
          ]
        },
        {
          "type": "minecraft:item",
          "name": "minecraft:leather_helmet",
          "functions": [
            {
              "function": "minecraft:set_components",
              "components": {
                "minecraft:repair_cost": 99999,
                "minecraft:unbreakable": {},
                "minecraft:custom_name": "{\"text\":\"Flower Helmet\",\"color\":\"gold\",\"italic\":false}",
                "minecraft:lore": [
                  "{\"text\":\" \"}",
                  "{\"text\":\"Ability:\",\"color\":\"green\",\"italic\":false}",
                  "{\"text\":\"When the wearer falls below\",\"color\":\"gray\",\"italic\":false}",
                  "{\"text\":\"8 hearts a flower veil surrounds the player \",\"color\":\"gray\",\"italic\":false}",
                  "{\"text\":\"Granting immunity to every negative effect.\",\"color\":\"gray\",\"italic\":false}"
                ],
                "minecraft:dyed_color": {
                  "rgb": 7206705,
                  "show_in_tooltip": false
                },
                "minecraft:custom_data": {
                  "armor": "flower_helmet",
                  "mt": "armor"
                }
              }
            },
            {
              "function": "minecraft:set_attributes",
              "modifiers": [
                {
                  "id": "flower_helmet",
                  "attribute": "minecraft:generic.armor",
                  "amount": 2.5,
                  "operation": "add_value",
                  "slot": "head"
                },
                {
                  "id": "flower_helmet",
                  "attribute": "minecraft:generic.armor_toughness",
                  "amount": 4.5,
                  "operation": "add_value",
                  "slot": "head"
                }
              ]
            },
            {
              "function": "minecraft:set_enchantments",
              "enchantments": {
                "minecraft:protection": {
                  "min": 2,
                  "max": 6
                },
                "minecraft:projectile_protection": {
                  "min": 2,
                  "max": 8
                },
                "minecraft:blast_protection": {
                  "min": 1,
                  "max": 3
                },
                "minecraft:respiration": {
                  "min": 1,
                  "max": 5
                },
                "minecraft:aqua_affinity": {
                  "min": 0,
                  "max": 1
                }
              }
            }
          ]
        },
        {
          "type": "minecraft:item",
          "name": "minecraft:leather_helmet",
          "functions": [
            {
              "function": "minecraft:set_components",
              "components": {
                "minecraft:repair_cost": 99999,
                "minecraft:unbreakable": {},
                "minecraft:custom_name": "{\"text\":\"Flower Helmet\",\"color\":\"gold\",\"italic\":false}",
                "minecraft:lore": [
                  "{\"text\":\" \"}",
                  "{\"text\":\"Ability:\",\"color\":\"green\",\"italic\":false}",
                  "{\"text\":\"When the wearer falls below\",\"color\":\"gray\",\"italic\":false}",
                  "{\"text\":\"8 hearts a flower veil surrounds the player \",\"color\":\"gray\",\"italic\":false}",
                  "{\"text\":\"Granting immunity to every negative effect.\",\"color\":\"gray\",\"italic\":false}"
                ],
                "minecraft:dyed_color": {
                  "rgb": 7206705,
                  "show_in_tooltip": false
                },
                "minecraft:custom_data": {
                  "armor": "flower_helmet",
                  "mt": "armor"
                }
              }
            },
            {
              "function": "minecraft:set_attributes",
              "modifiers": [
                {
                  "id": "flower_helmet",
                  "attribute": "minecraft:generic.armor",
                  "amount": 2.5,
                  "operation": "add_value",
                  "slot": "head"
                },
                {
                  "id": "flower_helmet",
                  "attribute": "minecraft:generic.armor_toughness",
                  "amount": 5,
                  "operation": "add_value",
                  "slot": "head"
                }
              ]
            },
            {
              "function": "minecraft:set_enchantments",
              "enchantments": {
                "minecraft:protection": {
                  "min": 2,
                  "max": 6
                },
                "minecraft:projectile_protection": {
                  "min": 2,
                  "max": 8
                },
                "minecraft:blast_protection": {
                  "min": 1,
                  "max": 3
                },
                "minecraft:respiration": {
                  "min": 1,
                  "max": 5
                },
                "minecraft:aqua_affinity": {
                  "min": 0,
                  "max": 1
                }
              }
            }
          ]
        }
      ]
    }
  ]
}
