{
  "pools": [
    {
      "rolls": {
        "min": {
          "type": "minecraft:score",
          "target": "this",
          "score": "mt.progression",
          "scale": 0.00002
        },
        "max": {
          "type": "minecraft:score",
          "target": "this",
          "score": "mt.progression",
          "scale": 0.000025
        }
      },
      "bonus_rolls": {
        "min": 1,
        "max": 6
      },
      "entries": [
        {
          "type": "minecraft:loot_table",
          "value": "mt:charms/rare",
          "conditions": [
            {
              "condition": "minecraft:value_check",
              "value": {
                "type": "minecraft:score",
                "target": {
                  "type": "minecraft:fixed",
                  "name": "#disable_rare_charm"
                },
                "score": "mt.constant"
              },
              "range": 0
            },
            {
              "condition": "minecraft:random_chance",
              "chance": 0.02
            }
          ]
        },
        {
          "type": "minecraft:item",
          "name": "minecraft:blue_ice",
          "weight": 2,
          "quality": 1,
          "functions": [
            {
              "function": "minecraft:set_count",
              "count": {
                "min": 2,
                "max": 4
              }
            }
          ]
        },
        {
          "type": "minecraft:item",
          "name": "minecraft:packed_ice",
          "weight": 3,
          "functions": [
            {
              "function": "minecraft:set_count",
              "count": {
                "min": 8,
                "max": 16
              }
            }
          ]
        },
        {
          "type": "minecraft:item",
          "name": "minecraft:snow_block",
          "weight": 1,
          "quality": 1,
          "functions": [
            {
              "function": "minecraft:set_count",
              "count": {
                "min": 2,
                "max": 4
              }
            }
          ],
          "conditions": [
            {
              "condition": "minecraft:entity_scores",
              "entity": "this",
              "scores": {
                "mt.progression": {
                  "max": 399999
                }
              }
            }
          ]
        },
        {
          "type": "minecraft:item",
          "name": "minecraft:cooked_salmon",
          "weight": 1,
          "quality": 1,
          "functions": [
            {
              "function": "minecraft:set_count",
              "count": {
                "min": 4,
                "max": 8
              }
            }
          ]
        },
        {
          "type": "minecraft:item",
          "name": "minecraft:experience_bottle",
          "weight": 2,
          "quality": 1,
          "functions": [
            {
              "function": "minecraft:limit_count",
              "limit": {
                "min": 6,
                "max": 12
              }
            }
          ]
        },
        {
          "type": "minecraft:item",
          "name": "minecraft:iron_ingot",
          "weight": 2,
          "quality": 1,
          "functions": [
            {
              "function": "minecraft:limit_count",
              "limit": {
                "min": 4,
                "max": 8
              }
            }
          ],
          "conditions": [
            {
              "condition": "minecraft:entity_scores",
              "entity": "this",
              "scores": {
                "mt.progression": {
                  "max": 399999
                }
              }
            }
          ]
        },
        {
          "type": "minecraft:item",
          "name": "minecraft:salmon",
          "weight": 2,
          "quality": 1,
          "functions": [
            {
              "function": "minecraft:limit_count",
              "limit": {
                "min": 4,
                "max": 8
              }
            }
          ],
          "conditions": [
            {
              "condition": "minecraft:entity_scores",
              "entity": "this",
              "scores": {
                "mt.progression": {
                  "max": 399999
                }
              }
            }
          ]
        },
        {
          "type": "minecraft:item",
          "name": "minecraft:flint",
          "weight": 1,
          "quality": 1,
          "functions": [
            {
              "function": "minecraft:limit_count",
              "limit": {
                "min": 4,
                "max": 8
              }
            }
          ]
        },
        {
          "type": "minecraft:item",
          "name": "minecraft:campfire",
          "weight": 1,
          "quality": 1,
          "functions": [
            {
              "function": "minecraft:limit_count",
              "limit": {
                "min": 1,
                "max": 1
              }
            }
          ],
          "conditions": [
            {
              "condition": "minecraft:entity_scores",
              "entity": "this",
              "scores": {
                "mt.progression": {
                  "max": 399999
                }
              }
            }
          ]
        },
        {
          "type": "minecraft:item",
          "name": "minecraft:diamond_shovel",
          "functions": [
            {
              "function": "minecraft:set_enchantments",
              "enchantments": {
                "minecraft:efficiency": {
                  "min": 1,
                  "max": 6
                },
                "minecraft:unbreaking": {
                  "min": 1,
                  "max": 5
                },
                "minecraft:silk_touch": {
                  "min": 0,
                  "max": 1
                },
                "minecraft:mending": {
                  "min": 0,
                  "max": 1
                }
              }
            }
          ]
        },
        {
          "type": "minecraft:item",
          "weight": 1,
          "name": "minecraft:apple",
          "functions": [
            {
              "function": "minecraft:set_count",
              "count": 1
            },
            {
              "function": "minecraft:set_name",
              "name": [
                {
                  "text": "Frozen Apple",
                  "color": "light_purple",
                  "italic": false
                }
              ]
            },
            {
              "function": "minecraft:set_components",
              "components": {
                  "minecraft:enchantment_glint_override": true,
                  "minecraft:max_stack_size": 99,
                  "minecraft:food": {
                    "nutrition": 2,
                    "saturation": 2,
                    "can_always_eat": true,
                    "eat_seconds": 2,
                    "effects": [
                      {
                        "effect": {
                          "id": "minecraft:resistance",
                          "amplifier": 0,
                          "duration": 2400,
                          "ambient": true,
                          "show_particles": true,
                          "show_icon": true
                        }
                      },
                      {
                        "effect": {
                          "id": "minecraft:regeneration",
                          "amplifier": 0,
                          "duration": 600,
                          "ambient": true,
                          "show_particles": true,
                          "show_icon": true
                        }
                      }
                    ]
                  },
                  "minecraft:lore": [
                    "{\"text\":\"Gives Resistance I 2 min \",\"color\":\"gray\",\"italic\":false}",
                    "{\"text\":\"& Regeneration I for 30s \",\"color\":\"gray\",\"italic\":false}"
                  ],
                  "minecraft:custom_data": {
                    "food": "mt.frozen_apple"
                  }
              }
            },
            {
              "function": "minecraft:set_count",
              "count": {
                "min": 1,
                "max": 2
              }
            }
          ],
          "conditions": [
            {
              "condition": "minecraft:entity_scores",
              "entity": "this",
              "scores": {
                "mt.progression": {
                  "min": 500000
                }
              }
            }
          ]
        },
        {
          "type": "minecraft:item",
          "name": "minecraft:powder_snow_bucket",
          "weight": 1,
          "functions": [
            {
              "function": "minecraft:set_count",
              "count": {
                "min": 1,
                "max": 1
              }
            }
          ],
          "conditions": [
            {
              "condition": "minecraft:random_chance",
              "chance": 0.3
            },
            {
              "condition": "minecraft:entity_scores",
              "entity": "this",
              "scores": {
                "mt.progression": {
                  "max": 399999
                }
              }
            }
          ]
        },
        {
          "type": "item",
          "weight": 1,
          "name": "minecraft:lingering_potion",
          "functions": [
            {
              "function": "set_count",
              "count": 1
            },
            {
              "function": "minecraft:set_components",
              "components": {
                "minecraft:custom_name": "{\"text\":\"Potion of Freeze\",\"color\":\"aqua\",\"italic\":false}",
                "minecraft:potion_contents": {
                  "custom_color": 3071231,
                  "custom_effects": [
                    {
                      "id": "minecraft:slowness",
                      "amplifier": 6,
                      "duration": 400,
                      "show_particles": false
                    },
                    {
                      "id": "minecraft:mining_fatigue",
                      "amplifier": 3,
                      "duration": 400,
                      "show_particles": false
                    },
                    {
                      "id": "minecraft:blindness",
                      "amplifier": 1,
                      "duration": 400,
                      "show_particles": false
                    }
                  ]
                }
              }
            }
          ],
          "conditions": [
            {
              "condition": "minecraft:random_chance",
              "chance": 0.07
            }
          ]
        }
      ]
    }
  ]
}
