{
  "criteria": {
    "mainhand": {
      "trigger": "minecraft:shot_crossbow",
      "conditions": {
        "player": [
          {
            "condition": "minecraft:entity_properties",
            "entity": "this",
            "predicate": {
              "equipment": {
                "mainhand": {
                  "items": [
                    "minecraft:crossbow"
                  ],
                  "predicates": {
                    "minecraft:custom_data": "{weapon:\"drylands_piercer\"}"
                  }
                }
              }
            }
          }
        ]
      }
    },
    "offhand": {
      "trigger": "minecraft:shot_crossbow",
      "conditions": {
        "player": [
          {
            "condition": "minecraft:entity_properties",
            "entity": "this",
            "predicate": {
              "equipment": {
                "offhand": {
                  "items": [
                    "minecraft:crossbow"
                  ],
                  "predicates": {
  "minecraft:custom_data": "{weapon:\"drylands_piercer\"}"
      }                }
              }
            }
          }
        ]
      }
    }
  },
  "requirements": [
    [
      "mainhand",
      "offhand"
    ]
  ],
  "rewards": {
    "function": "mt:items/weapons/drylands_piercer"
  }
}
