{
  "pools": [
    {
      "rolls": {
        "min": {
          "type": "minecraft:score",
          "target": "this",
          "score": "mt.progression",
          "scale": 0.00002
        },
        "max": {
          "type": "minecraft:score",
          "target": "this",
          "score": "mt.progression",
          "scale": 0.000025
        }
      },
      "bonus_rolls": {
        "min": 1,
        "max": 6
      },
      "entries": [
        {
          "type": "minecraft:loot_table",
          "value": "mt:charms/legendary",
          "conditions": [
            {
              "condition": "minecraft:value_check",
              "value": {
                "type": "minecraft:score",
                "target": {
                  "type": "minecraft:fixed",
                  "name": "#disable_legendary_charm"
                },
                "score": "mt.constant"
              },
              "range": 0
            },
            {
              "condition": "minecraft:random_chance",
              "chance": 0.025
            }
          ]
        },
        {
          "type": "minecraft:item",
          "name": "minecraft:redstone_block",
          "weight": 3,
          "functions": [
            {
              "function": "minecraft:set_count",
              "count": {
                "min": 3,
                "max": 6
              }
            }
          ],
          "conditions": [
            {
              "condition": "minecraft:entity_scores",
              "entity": "this",
              "scores": {
                "mt.progression": {
                  "max": 399999
                }
              }
            }
          ]
        },
        {
          "type": "minecraft:item",
          "weight": 2,
          "name": "minecraft:globe_banner_pattern",
          "functions": [
            {
              "function": "minecraft:set_count",
              "count": 1
            },
            {
              "function": "minecraft:set_name",
              "name": [
                {
                  "text": "Piglin Jealousy",
                  "color": "gold",
                  "italic": false
                }
              ]
            },
            {
              "function": "minecraft:set_lore",
              "lore": [
                {
                  "text": "RUNE",
                  "color": "gold",
                  "bold": true,
                  "italic": false
                },
                {
                  "text": " ",
                  "color": "gray",
                  "italic": false
                },
                {
                  "text": "Ability:",
                  "color": "green",
                  "italic": false
                },
                {
                  "text": "When activated the next hit clears ",
                  "color": "gray",
                  "italic": false
                },
                {
                  "text": "the enemy's Absorption effect and ",
                  "color": "gray",
                  "italic": false
                },
                {
                  "text": "reduces armor values by 15% for  ",
                  "color": "gray",
                  "italic": false
                },
                {
                  "text": "10 seconds. ",
                  "color": "gray",
                  "italic": false
                }
              ],
              "mode": "replace_all"
            },
            {
              "function": "minecraft:set_components",
              "components": {
                "max_stack_size": 16,
                "minecraft:food": {
                  "nutrition": 0,
                  "saturation": 0,
                  "can_always_eat": true,
                  "eat_seconds": 9999999
                },
                "minecraft:enchantment_glint_override": true,
                "minecraft:custom_data": {
                  "rune": "mt.piglin",
                    "mt": "rune"
                  }
                }
            }
          ],
          "conditions": [
            {
              "condition": "minecraft:value_check",
              "value": {
                "type": "minecraft:score",
                "target": {
                  "type": "minecraft:fixed",
                  "name": "#disable_rune"
                },
                "score": "mt.constant"
              },
              "range": 0
            },
            {
              "condition": "minecraft:entity_scores",
              "entity": "this",
              "scores": {
                "mt.progression": {
                  "min": 500000
                }
              }
            }
          ]
        },
        {
          "type": "minecraft:loot_table",
          "value": "mt:chests/crimson_treasure/crimson_chestplate",
          "weight": 1,
          "conditions": [
            {
              "condition": "minecraft:random_chance",
              "chance": 0.5
            },
            {
              "condition": "minecraft:entity_scores",
              "entity": "this",
              "scores": {
                "mt.progression": {
                  "min": 500000
                }
              }
            }
          ]
        },
        {
          "type": "minecraft:item",
          "name": "minecraft:nether_star",
          "weight": 1,
          "functions": [
            {
              "function": "minecraft:set_count",
              "count": {
                "min": 1,
                "max": 1
              }
            }
          ]
        },
        {
          "type": "minecraft:item",
          "name": "minecraft:wither_skeleton_skull",
          "weight": 3,
          "functions": [
            {
              "function": "minecraft:set_count",
              "count": {
                "min": 2,
                "max": 4
              }
            }
          ]
        },
        {
          "type": "minecraft:item",
          "name": "minecraft:crimson_hyphae",
          "weight": 3,
          "functions": [
            {
              "function": "minecraft:set_count",
              "count": {
                "min": 12,
                "max": 24
              }
            }
          ]
        },
        {
          "type": "minecraft:item",
          "name": "minecraft:respawn_anchor",
          "weight": 1,
          "functions": [
            {
              "function": "minecraft:set_count",
              "count": {
                "min": 1,
                "max": 1
              }
            },
            {
              "function": "minecraft:set_components",
              "components": {
                "minecraft:block_state": {
                  "charges": "4"
                }
              }
            },
            {
              "function": "set_name",
              "name": [
                {
                  "text": "Full Respawn Anchor",
                  "color": "light_purple",
                  "italic": false
                }
              ]
            }
          ]
        },
        {
          "type": "minecraft:item",
          "name": "minecraft:golden_hoe",
          "weight": 2,
          "functions": [
            {
              "function": "minecraft:set_components",
              "components": {
                "minecraft:custom_data": {
                  "spawn": "mt.super_strider"
                },
                "minecraft:enchantment_glint_override": true,
                "minecraft:food": {
                  "nutrition": 0,
                  "saturation": 0,
                  "can_always_eat": true,
                  "eat_seconds": 999999
                },
                "minecraft:fire_resistant": {},
                "minecraft:rarity": "rare",
                "!max_damage": {},
                "!damage": {},
                "!minecraft:tool": {},
                "minecraft:max_stack_size": 16
              }
            },
            {
              "function": "minecraft:toggle_tooltips",
              "toggles": {
                "minecraft:attribute_modifiers": false
              }
            },
            {
              "function": "minecraft:set_name",
              "name": [
                {
                  "text": "Super Strider Spawn",
                  "color": "gold",
                  "italic": false
                }
              ]
            },
            {
              "function": "minecraft:set_lore",
              "lore": [
                {
                  "text": "  "
                },
                {
                  "text": "Spawns the Super Strider. ",
                  "color": "gray",
                  "italic": false
                }
              ],
              "mode": "replace_all"
            }
          ]
        },
        {
          "type": "minecraft:item",
          "name": "minecraft:netherite_ingot",
          "weight": 1,
          "functions": [
            {
              "function": "minecraft:set_count",
              "count": {
                "min": 1,
                "max": 2
              }
            }
          ]
        },
        {
          "type": "minecraft:item",
          "weight": 2,
          "name": "minecraft:beetroot_soup",
          "functions": [
            {
              "function": "minecraft:set_count",
              "count": 1
            },
            {
              "function": "minecraft:set_name",
              "name": [
                {
                  "text": "Blood Soup",
                  "color": "aqua",
                  "italic": false
                }
              ]
            },
            {
              "function": "minecraft:set_components",
              "components": {
                  "minecraft:enchantment_glint_override": true,
                  "minecraft:max_stack_size": 5,
                  "minecraft:food": {
                    "nutrition": 2,
                    "saturation": 2,
                    "can_always_eat": true,
                    "eat_seconds": 2,
                    "effects": [
                      {
                        "effect": {
                          "id": "minecraft:strength",
                          "amplifier": 2,
                          "duration": 400,
                          "ambient": true,
                          "show_particles": true,
                          "show_icon": true
                        }
                      }
                    ]
                  },
                  "minecraft:lore": [
                    "{\"text\":\"Gives Strength III for \",\"color\":\"gray\",\"italic\":false}",
                    "{\"text\":\"20 seconds\",\"color\":\"gray\",\"italic\":false}"
                  ],
                  "minecraft:custom_data": {
                    "food": "mt.blood_soup"
                  }
              }
            }
          ]
        },
        {
          "type": "minecraft:item",
          "name": "minecraft:netherite_scrap",
          "weight": 2,
          "functions": [
            {
              "function": "minecraft:set_count",
              "count": {
                "min": 1,
                "max": 2
              }
            }
          ],
          "conditions": [
            {
              "condition": "minecraft:entity_scores",
              "entity": "this",
              "scores": {
                "mt.progression": {
                  "max": 399999
                }
              }
            }
          ]
        },
        {
          "type": "minecraft:item",
          "name": "minecraft:ender_pearl",
          "weight": 3,
          "functions": [
            {
              "function": "minecraft:set_count",
              "count": {
                "min": 2,
                "max": 4
              }
            }
          ]
        },
        {
          "type": "minecraft:item",
          "name": "minecraft:experience_bottle",
          "weight": 2,
          "functions": [
            {
              "function": "minecraft:set_count",
              "count": {
                "min": 3,
                "max": 7
              }
            }
          ]
        },
        {
          "type": "item",
          "weight": 1,
          "name": "minecraft:potion",
          "functions": [
            {
              "function": "set_count",
              "count": 1
            },
            {
              "function": "minecraft:set_components",
              "components": {
                "minecraft:custom_data": {
                  "food": "demonp"
                },
                "minecraft:custom_name": "{\"text\":\"Demon Potion\",\"color\":\"gold\",\"italic\":false}",
                "minecraft:potion_contents": {
                  "custom_color": 12393500,
                  "custom_effects": [
                    {
                      "id": "minecraft:strength",
                      "amplifier": 2,
                      "duration": 600,
                      "show_particles": true
                    },
                    {
                      "id": "minecraft:instant_damage",
                      "amplifier": 2,
                      "duration": 1,
                      "show_particles": false
                    },
                    {
                      "id": "minecraft:resistance",
                      "amplifier": 1,
                      "duration": 600,
                      "show_particles": true
                    },
                    {
                      "id": "minecraft:fire_resistance",
                      "amplifier": 1,
                      "duration": 2400,
                      "show_particles": true
                    }
                  ]
                }
              }
            }
          ],
          "conditions": [
            {
              "condition": "minecraft:entity_scores",
              "entity": "this",
              "scores": {
                "mt.progression": {
                  "min": 400000
                }
              }
            }
          ]
        }
      ]
    }
  ]
}
