{
  "pools": [
    {
      "rolls": 1,
      "entries": [
        {
          "type": "minecraft:item",
          "name": "minecraft:leather_leggings",
          "weight": 1,
          "functions": [
            {
              "function": "minecraft:set_components",
              "components": {
                "minecraft:repair_cost": 99999,
                "minecraft:unbreakable": {},
                "minecraft:custom_name": "{\"text\":\"Nether Leggings\",\"color\":\"gold\",\"italic\":false}",
                "minecraft:lore": [
                  "{\"text\":\" \"}",
                  "{\"text\":\"Ability:\",\"color\":\"green\",\"italic\":false}",
                  "{\"text\":\"Deals 33% extra melee damage to\",\"color\":\"gray\",\"italic\":false}",
                  "{\"text\":\"enemies with the Resistance effect. \",\"color\":\"gray\",\"italic\":false}"
                ],
                "minecraft:dyed_color": 9834512,
                "minecraft:custom_data": {
                  "armor": "nether_leggings",
                  "mt": "armor"
                }
              }
            },
            {
              "function": "minecraft:set_enchantments",
              "enchantments": {
                "minecraft:protection": {
                  "min": 1,
                  "max": 3
                },
                "minecraft:projectile_protection": {
                  "min": 1,
                  "max": 3
                }
              }
            },
            {
              "function": "minecraft:set_attributes",
              "modifiers": [
                {
                  "id": "nether_leggings",
                  "attribute": "minecraft:generic.armor_toughness",
                  "amount": 2.5,
                  "operation": "add_value",
                  "slot": "legs"
                },
                {
                  "id": "nether_leggings",
                  "attribute": "minecraft:generic.armor",
                  "amount": 5.5,
                  "operation": "add_value",
                  "slot": "legs"
                }
              ]
            }
          ]
        },
        {
          "type": "minecraft:item",
          "name": "minecraft:leather_leggings",
          "weight": 1,
          "functions": [
            {
              "function": "minecraft:set_components",
              "components": {
                "minecraft:repair_cost": 99999,
                "minecraft:unbreakable": {},
                "minecraft:custom_name": "{\"text\":\"Nether Leggings\",\"color\":\"gold\",\"italic\":false}",
                "minecraft:lore": [
                  "{\"text\":\" \"}",
                  "{\"text\":\"Ability:\",\"color\":\"green\",\"italic\":false}",
                  "{\"text\":\"Deals 33% extra melee damage to\",\"color\":\"gray\",\"italic\":false}",
                  "{\"text\":\"enemies with the Resistance effect. \",\"color\":\"gray\",\"italic\":false}"
                ],
                "minecraft:dyed_color": 9834512,
                "minecraft:custom_data": {
                  "armor": "nether_leggings",
                  "mt": "armor"
                }
              }
            },
            {
              "function": "minecraft:set_enchantments",
              "enchantments": {
                "minecraft:protection": {
                  "min": 1,
                  "max": 3
                },
                "minecraft:projectile_protection": {
                  "min": 1,
                  "max": 3
                }
              }
            },
            {
              "function": "minecraft:set_attributes",
              "modifiers": [
                {
                  "id": "nether_leggings",
                  "attribute": "minecraft:generic.armor_toughness",
                  "amount": 3,
                  "operation": "add_value",
                  "slot": "legs"
                },
                {
                  "id": "nether_leggings",
                  "attribute": "minecraft:generic.armor",
                  "amount": 6,
                  "operation": "add_value",
                  "slot": "legs"
                }
              ]
            }
          ]
        },
        {
          "type": "minecraft:item",
          "name": "minecraft:leather_leggings",
          "weight": 1,
          "functions": [
            {
              "function": "minecraft:set_components",
              "components": {
                "minecraft:repair_cost": 99999,
                "minecraft:unbreakable": {},
                "minecraft:custom_name": "{\"text\":\"Nether Leggings\",\"color\":\"gold\",\"italic\":false}",
                "minecraft:lore": [
                  "{\"text\":\" \"}",
                  "{\"text\":\"Ability:\",\"color\":\"green\",\"italic\":false}",
                  "{\"text\":\"Deals 33% extra melee damage to\",\"color\":\"gray\",\"italic\":false}",
                  "{\"text\":\"enemies with the Resistance effect. \",\"color\":\"gray\",\"italic\":false}"
                ],
                "minecraft:dyed_color": 9834512,
                "minecraft:custom_data": {
                  "armor": "nether_leggings",
                  "mt": "armor"
                }
              }
            },
            {
              "function": "minecraft:set_enchantments",
              "enchantments": {
                "minecraft:protection": {
                  "min": 1,
                  "max": 3
                },
                "minecraft:projectile_protection": {
                  "min": 1,
                  "max": 3
                }
              }
            },
            {
              "function": "minecraft:set_attributes",
              "modifiers": [
                {
                  "id": "nether_leggings",
                  "attribute": "minecraft:generic.armor_toughness",
                  "amount": 3.5,
                  "operation": "add_value",
                  "slot": "legs"
                },
                {
                  "id": "nether_leggings",
                  "attribute": "minecraft:generic.armor",
                  "amount": 6.5,
                  "operation": "add_value",
                  "slot": "legs"
                }
              ]
            }
          ]
        },
        {
          "type": "minecraft:item",
          "name": "minecraft:leather_leggings",
          "weight": 1,
          "functions": [
            {
              "function": "minecraft:set_components",
              "components": {
                "minecraft:repair_cost": 99999,
                "minecraft:unbreakable": {},
                "minecraft:custom_name": "{\"text\":\"Nether Leggings\",\"color\":\"gold\",\"italic\":false}",
                "minecraft:lore": [
                  "{\"text\":\" \"}",
                  "{\"text\":\"Ability:\",\"color\":\"green\",\"italic\":false}",
                  "{\"text\":\"Deals 33% extra melee damage to\",\"color\":\"gray\",\"italic\":false}",
                  "{\"text\":\"enemies with the Resistance effect. \",\"color\":\"gray\",\"italic\":false}"
                ],
                "minecraft:dyed_color": 9834512,
                "minecraft:custom_data": {
                  "armor": "nether_leggings",
                  "mt": "armor"
                }
              }
            },
            {
              "function": "minecraft:set_enchantments",
              "enchantments": {
                "minecraft:protection": {
                  "min": 1,
                  "max": 3
                },
                "minecraft:projectile_protection": {
                  "min": 1,
                  "max": 3
                }
              }
            },
            {
              "function": "minecraft:set_attributes",
              "modifiers": [
                {
                  "id": "nether_leggings",
                  "attribute": "minecraft:generic.armor_toughness",
                  "amount": 4,
                  "operation": "add_value",
                  "slot": "legs"
                },
                {
                  "id": "nether_leggings",
                  "attribute": "minecraft:generic.armor",
                  "amount": 7,
                  "operation": "add_value",
                  "slot": "legs"
                }
              ]
            }
          ]
        },
        {
          "type": "minecraft:item",
          "name": "minecraft:leather_leggings",
          "weight": 1,
          "functions": [
            {
              "function": "minecraft:set_components",
              "components": {
                "minecraft:repair_cost": 99999,
                "minecraft:unbreakable": {},
                "minecraft:custom_name": "{\"text\":\"Nether Leggings\",\"color\":\"gold\",\"italic\":false}",
                "minecraft:lore": [
                  "{\"text\":\" \"}",
                  "{\"text\":\"Ability:\",\"color\":\"green\",\"italic\":false}",
                  "{\"text\":\"Deals 33% extra melee damage to\",\"color\":\"gray\",\"italic\":false}",
                  "{\"text\":\"enemies with the Resistance effect. \",\"color\":\"gray\",\"italic\":false}"
                ],
                "minecraft:dyed_color": 9834512,
                "minecraft:custom_data": {
                  "armor": "nether_leggings",
                  "mt": "armor"
                }
              }
            },
            {
              "function": "minecraft:set_enchantments",
              "enchantments": {
                "minecraft:protection": {
                  "min": 1,
                  "max": 3
                },
                "minecraft:projectile_protection": {
                  "min": 1,
                  "max": 3
                }
              }
            },
            {
              "function": "minecraft:set_attributes",
              "modifiers": [
                {
                  "id": "nether_leggings",
                  "attribute": "minecraft:generic.armor_toughness",
                  "amount": 4.5,
                  "operation": "add_value",
                  "slot": "legs"
                },
                {
                  "id": "nether_leggings",
                  "attribute": "minecraft:generic.armor",
                  "amount": 7.5,
                  "operation": "add_value",
                  "slot": "legs"
                }
              ]
            }
          ]
        },
        {
          "type": "minecraft:item",
          "name": "minecraft:leather_leggings",
          "weight": 1,
          "functions": [
            {
              "function": "minecraft:set_components",
              "components": {
                "minecraft:repair_cost": 99999,
                "minecraft:unbreakable": {},
                "minecraft:custom_name": "{\"text\":\"Nether Leggings\",\"color\":\"gold\",\"italic\":false}",
                "minecraft:lore": [
                  "{\"text\":\" \"}",
                  "{\"text\":\"Ability:\",\"color\":\"green\",\"italic\":false}",
                  "{\"text\":\"Deals 33% extra melee damage to\",\"color\":\"gray\",\"italic\":false}",
                  "{\"text\":\"enemies with the Resistance effect. \",\"color\":\"gray\",\"italic\":false}"
                ],
                "minecraft:dyed_color": 9834512,
                "minecraft:custom_data": {
                  "armor": "nether_leggings",
                  "mt": "armor"
                }
              }
            },
            {
              "function": "minecraft:set_enchantments",
              "enchantments": {
                "minecraft:protection": {
                  "min": 1,
                  "max": 3
                },
                "minecraft:projectile_protection": {
                  "min": 1,
                  "max": 3
                }
              }
            },
            {
              "function": "minecraft:set_attributes",
              "modifiers": [
                {
                  "id": "nether_leggings",
                  "attribute": "minecraft:generic.armor_toughness",
                  "amount": 5,
                  "operation": "add_value",
                  "slot": "legs"
                },
                {
                  "id": "nether_leggings",
                  "attribute": "minecraft:generic.armor",
                  "amount": 8,
                  "operation": "add_value",
                  "slot": "legs"
                }
              ]
            }
          ]
        },
        {
          "type": "minecraft:item",
          "name": "minecraft:leather_leggings",
          "weight": 1,
          "functions": [
            {
              "function": "minecraft:set_components",
              "components": {
                "minecraft:repair_cost": 99999,
                "minecraft:unbreakable": {},
                "minecraft:custom_name": "{\"text\":\"Nether Leggings\",\"color\":\"gold\",\"italic\":false}",
                "minecraft:lore": [
                  "{\"text\":\" \"}",
                  "{\"text\":\"Ability:\",\"color\":\"green\",\"italic\":false}",
                  "{\"text\":\"Deals 33% extra melee damage to\",\"color\":\"gray\",\"italic\":false}",
                  "{\"text\":\"enemies with the Resistance effect. \",\"color\":\"gray\",\"italic\":false}"
                ],
                "minecraft:dyed_color": 9834512,
                "minecraft:custom_data": {
                  "armor": "nether_leggings",
                  "mt": "armor"
                }
              }
            },
            {
              "function": "minecraft:set_enchantments",
              "enchantments": {
                "minecraft:protection": {
                  "min": 1,
                  "max": 3
                },
                "minecraft:projectile_protection": {
                  "min": 1,
                  "max": 3
                }
              }
            },
            {
              "function": "minecraft:set_attributes",
              "modifiers": [
                {
                  "id": "nether_leggings",
                  "attribute": "minecraft:generic.armor_toughness",
                  "amount": 3,
                  "operation": "add_value",
                  "slot": "legs"
                },
                {
                  "id": "nether_leggings",
                  "attribute": "minecraft:generic.armor",
                  "amount": 5.5,
                  "operation": "add_value",
                  "slot": "legs"
                }
              ]
            }
          ]
        },
        {
          "type": "minecraft:item",
          "name": "minecraft:leather_leggings",
          "weight": 1,
          "functions": [
            {
              "function": "minecraft:set_components",
              "components": {
                "minecraft:repair_cost": 99999,
                "minecraft:unbreakable": {},
                "minecraft:custom_name": "{\"text\":\"Nether Leggings\",\"color\":\"gold\",\"italic\":false}",
                "minecraft:lore": [
                  "{\"text\":\" \"}",
                  "{\"text\":\"Ability:\",\"color\":\"green\",\"italic\":false}",
                  "{\"text\":\"Deals 33% extra melee damage to\",\"color\":\"gray\",\"italic\":false}",
                  "{\"text\":\"enemies with the Resistance effect. \",\"color\":\"gray\",\"italic\":false}"
                ],
                "minecraft:dyed_color": 9834512,
                "minecraft:custom_data": {
                  "armor": "nether_leggings",
                  "mt": "armor"
                }
              }
            },
            {
              "function": "minecraft:set_enchantments",
              "enchantments": {
                "minecraft:protection": {
                  "min": 1,
                  "max": 3
                },
                "minecraft:projectile_protection": {
                  "min": 1,
                  "max": 3
                }
              }
            },
            {
              "function": "minecraft:set_attributes",
              "modifiers": [
                {
                  "id": "nether_leggings",
                  "attribute": "minecraft:generic.armor_toughness",
                  "amount": 3.5,
                  "operation": "add_value",
                  "slot": "legs"
                },
                {
                  "id": "nether_leggings",
                  "attribute": "minecraft:generic.armor",
                  "amount": 5.5,
                  "operation": "add_value",
                  "slot": "legs"
                }
              ]
            }
          ]
        },
        {
          "type": "minecraft:item",
          "name": "minecraft:leather_leggings",
          "weight": 1,
          "functions": [
            {
              "function": "minecraft:set_components",
              "components": {
                "minecraft:repair_cost": 99999,
                "minecraft:unbreakable": {},
                "minecraft:custom_name": "{\"text\":\"Nether Leggings\",\"color\":\"gold\",\"italic\":false}",
                "minecraft:lore": [
                  "{\"text\":\" \"}",
                  "{\"text\":\"Ability:\",\"color\":\"green\",\"italic\":false}",
                  "{\"text\":\"Deals 33% extra melee damage to\",\"color\":\"gray\",\"italic\":false}",
                  "{\"text\":\"enemies with the Resistance effect. \",\"color\":\"gray\",\"italic\":false}"
                ],
                "minecraft:dyed_color": 9834512,
                "minecraft:custom_data": {
                  "armor": "nether_leggings",
                  "mt": "armor"
                }
              }
            },
            {
              "function": "minecraft:set_enchantments",
              "enchantments": {
                "minecraft:protection": {
                  "min": 1,
                  "max": 3
                },
                "minecraft:projectile_protection": {
                  "min": 1,
                  "max": 3
                }
              }
            },
            {
              "function": "minecraft:set_attributes",
              "modifiers": [
                {
                  "id": "nether_leggings",
                  "attribute": "minecraft:generic.armor_toughness",
                  "amount": 4,
                  "operation": "add_value",
                  "slot": "legs"
                },
                {
                  "id": "nether_leggings",
                  "attribute": "minecraft:generic.armor",
                  "amount": 5.5,
                  "operation": "add_value",
                  "slot": "legs"
                }
              ]
            }
          ]
        },
        {
          "type": "minecraft:item",
          "name": "minecraft:leather_leggings",
          "weight": 1,
          "functions": [
            {
              "function": "minecraft:set_components",
              "components": {
                "minecraft:repair_cost": 99999,
                "minecraft:unbreakable": {},
                "minecraft:custom_name": "{\"text\":\"Nether Leggings\",\"color\":\"gold\",\"italic\":false}",
                "minecraft:lore": [
                  "{\"text\":\" \"}",
                  "{\"text\":\"Ability:\",\"color\":\"green\",\"italic\":false}",
                  "{\"text\":\"Deals 33% extra melee damage to\",\"color\":\"gray\",\"italic\":false}",
                  "{\"text\":\"enemies with the Resistance effect. \",\"color\":\"gray\",\"italic\":false}"
                ],
                "minecraft:dyed_color": 9834512,
                "minecraft:custom_data": {
                  "armor": "nether_leggings",
                  "mt": "armor"
                }
              }
            },
            {
              "function": "minecraft:set_enchantments",
              "enchantments": {
                "minecraft:protection": {
                  "min": 1,
                  "max": 3
                },
                "minecraft:projectile_protection": {
                  "min": 1,
                  "max": 3
                }
              }
            },
            {
              "function": "minecraft:set_attributes",
              "modifiers": [
                {
                  "id": "nether_leggings",
                  "attribute": "minecraft:generic.armor_toughness",
                  "amount": 4.5,
                  "operation": "add_value",
                  "slot": "legs"
                },
                {
                  "id": "nether_leggings",
                  "attribute": "minecraft:generic.armor",
                  "amount": 5.5,
                  "operation": "add_value",
                  "slot": "legs"
                }
              ]
            }
          ]
        },
        {
          "type": "minecraft:item",
          "name": "minecraft:leather_leggings",
          "weight": 1,
          "functions": [
            {
              "function": "minecraft:set_components",
              "components": {
                "minecraft:repair_cost": 99999,
                "minecraft:unbreakable": {},
                "minecraft:custom_name": "{\"text\":\"Nether Leggings\",\"color\":\"gold\",\"italic\":false}",
                "minecraft:lore": [
                  "{\"text\":\" \"}",
                  "{\"text\":\"Ability:\",\"color\":\"green\",\"italic\":false}",
                  "{\"text\":\"Deals 33% extra melee damage to\",\"color\":\"gray\",\"italic\":false}",
                  "{\"text\":\"enemies with the Resistance effect. \",\"color\":\"gray\",\"italic\":false}"
                ],
                "minecraft:dyed_color": 9834512,
                "minecraft:custom_data": {
                  "armor": "nether_leggings",
                  "mt": "armor"
                }
              }
            },
            {
              "function": "minecraft:set_enchantments",
              "enchantments": {
                "minecraft:protection": {
                  "min": 1,
                  "max": 3
                },
                "minecraft:projectile_protection": {
                  "min": 1,
                  "max": 3
                }
              }
            },
            {
              "function": "minecraft:set_attributes",
              "modifiers": [
                {
                  "id": "nether_leggings",
                  "attribute": "minecraft:generic.armor_toughness",
                  "amount": 5,
                  "operation": "add_value",
                  "slot": "legs"
                },
                {
                  "id": "nether_leggings",
                  "attribute": "minecraft:generic.armor",
                  "amount": 5.5,
                  "operation": "add_value",
                  "slot": "legs"
                }
              ]
            }
          ]
        },
        {
          "type": "minecraft:item",
          "name": "minecraft:leather_leggings",
          "weight": 1,
          "functions": [
            {
              "function": "minecraft:set_components",
              "components": {
                "minecraft:repair_cost": 99999,
                "minecraft:unbreakable": {},
                "minecraft:custom_name": "{\"text\":\"Nether Leggings\",\"color\":\"gold\",\"italic\":false}",
                "minecraft:lore": [
                  "{\"text\":\" \"}",
                  "{\"text\":\"Ability:\",\"color\":\"green\",\"italic\":false}",
                  "{\"text\":\"Deals 33% extra melee damage to\",\"color\":\"gray\",\"italic\":false}",
                  "{\"text\":\"enemies with the Resistance effect. \",\"color\":\"gray\",\"italic\":false}"
                ],
                "minecraft:dyed_color": 9834512,
                "minecraft:custom_data": {
                  "armor": "nether_leggings",
                  "mt": "armor"
                }
              }
            },
            {
              "function": "minecraft:set_enchantments",
              "enchantments": {
                "minecraft:protection": {
                  "min": 1,
                  "max": 3
                },
                "minecraft:projectile_protection": {
                  "min": 1,
                  "max": 3
                }
              }
            },
            {
              "function": "minecraft:set_attributes",
              "modifiers": [
                {
                  "id": "nether_leggings",
                  "attribute": "minecraft:generic.armor_toughness",
                  "amount": 2.5,
                  "operation": "add_value",
                  "slot": "legs"
                },
                {
                  "id": "nether_leggings",
                  "attribute": "minecraft:generic.armor",
                  "amount": 6,
                  "operation": "add_value",
                  "slot": "legs"
                }
              ]
            }
          ]
        },
        {
          "type": "minecraft:item",
          "name": "minecraft:leather_leggings",
          "weight": 1,
          "functions": [
            {
              "function": "minecraft:set_components",
              "components": {
                "minecraft:repair_cost": 99999,
                "minecraft:unbreakable": {},
                "minecraft:custom_name": "{\"text\":\"Nether Leggings\",\"color\":\"gold\",\"italic\":false}",
                "minecraft:lore": [
                  "{\"text\":\" \"}",
                  "{\"text\":\"Ability:\",\"color\":\"green\",\"italic\":false}",
                  "{\"text\":\"Deals 33% extra melee damage to\",\"color\":\"gray\",\"italic\":false}",
                  "{\"text\":\"enemies with the Resistance effect. \",\"color\":\"gray\",\"italic\":false}"
                ],
                "minecraft:dyed_color": 9834512,
                "minecraft:custom_data": {
                  "armor": "nether_leggings",
                  "mt": "armor"
                }
              }
            },
            {
              "function": "minecraft:set_enchantments",
              "enchantments": {
                "minecraft:protection": {
                  "min": 1,
                  "max": 3
                },
                "minecraft:projectile_protection": {
                  "min": 1,
                  "max": 3
                }
              }
            },
            {
              "function": "minecraft:set_attributes",
              "modifiers": [
                {
                  "id": "nether_leggings",
                  "attribute": "minecraft:generic.armor_toughness",
                  "amount": 2.5,
                  "operation": "add_value",
                  "slot": "legs"
                },
                {
                  "id": "nether_leggings",
                  "attribute": "minecraft:generic.armor",
                  "amount": 6.5,
                  "operation": "add_value",
                  "slot": "legs"
                }
              ]
            }
          ]
        },
        {
          "type": "minecraft:item",
          "name": "minecraft:leather_leggings",
          "weight": 1,
          "functions": [
            {
              "function": "minecraft:set_components",
              "components": {
                "minecraft:repair_cost": 99999,
                "minecraft:unbreakable": {},
                "minecraft:custom_name": "{\"text\":\"Nether Leggings\",\"color\":\"gold\",\"italic\":false}",
                "minecraft:lore": [
                  "{\"text\":\" \"}",
                  "{\"text\":\"Ability:\",\"color\":\"green\",\"italic\":false}",
                  "{\"text\":\"Deals 33% extra melee damage to\",\"color\":\"gray\",\"italic\":false}",
                  "{\"text\":\"enemies with the Resistance effect. \",\"color\":\"gray\",\"italic\":false}"
                ],
                "minecraft:dyed_color": 9834512,
                "minecraft:custom_data": {
                  "armor": "nether_leggings",
                  "mt": "armor"
                }
              }
            },
            {
              "function": "minecraft:set_enchantments",
              "enchantments": {
                "minecraft:protection": {
                  "min": 1,
                  "max": 3
                },
                "minecraft:projectile_protection": {
                  "min": 1,
                  "max": 3
                }
              }
            },
            {
              "function": "minecraft:set_attributes",
              "modifiers": [
                {
                  "id": "nether_leggings",
                  "attribute": "minecraft:generic.armor_toughness",
                  "amount": 2.5,
                  "operation": "add_value",
                  "slot": "legs"
                },
                {
                  "id": "nether_leggings",
                  "attribute": "minecraft:generic.armor",
                  "amount": 7,
                  "operation": "add_value",
                  "slot": "legs"
                }
              ]
            }
          ]
        },
        {
          "type": "minecraft:item",
          "name": "minecraft:leather_leggings",
          "weight": 1,
          "functions": [
            {
              "function": "minecraft:set_components",
              "components": {
                "minecraft:repair_cost": 99999,
                "minecraft:unbreakable": {},
                "minecraft:custom_name": "{\"text\":\"Nether Leggings\",\"color\":\"gold\",\"italic\":false}",
                "minecraft:lore": [
                  "{\"text\":\" \"}",
                  "{\"text\":\"Ability:\",\"color\":\"green\",\"italic\":false}",
                  "{\"text\":\"Deals 33% extra melee damage to\",\"color\":\"gray\",\"italic\":false}",
                  "{\"text\":\"enemies with the Resistance effect. \",\"color\":\"gray\",\"italic\":false}"
                ],
                "minecraft:dyed_color": 9834512,
                "minecraft:custom_data": {
                  "armor": "nether_leggings",
                  "mt": "armor"
                }
              }
            },
            {
              "function": "minecraft:set_enchantments",
              "enchantments": {
                "minecraft:protection": {
                  "min": 1,
                  "max": 3
                },
                "minecraft:projectile_protection": {
                  "min": 1,
                  "max": 3
                }
              }
            },
            {
              "function": "minecraft:set_attributes",
              "modifiers": [
                {
                  "id": "nether_leggings",
                  "attribute": "minecraft:generic.armor_toughness",
                  "amount": 2.5,
                  "operation": "add_value",
                  "slot": "legs"
                },
                {
                  "id": "nether_leggings",
                  "attribute": "minecraft:generic.armor",
                  "amount": 7.5,
                  "operation": "add_value",
                  "slot": "legs"
                }
              ]
            }
          ]
        },
        {
          "type": "minecraft:item",
          "name": "minecraft:leather_leggings",
          "weight": 1,
          "functions": [
            {
              "function": "minecraft:set_components",
              "components": {
                "minecraft:repair_cost": 99999,
                "minecraft:unbreakable": {},
                "minecraft:custom_name": "{\"text\":\"Nether Leggings\",\"color\":\"gold\",\"italic\":false}",
                "minecraft:lore": [
                  "{\"text\":\" \"}",
                  "{\"text\":\"Ability:\",\"color\":\"green\",\"italic\":false}",
                  "{\"text\":\"Deals 33% extra melee damage to\",\"color\":\"gray\",\"italic\":false}",
                  "{\"text\":\"enemies with the Resistance effect. \",\"color\":\"gray\",\"italic\":false}"
                ],
                "minecraft:dyed_color": 9834512,
                "minecraft:custom_data": {
                  "armor": "nether_leggings",
                  "mt": "armor"
                }
              }
            },
            {
              "function": "minecraft:set_enchantments",
              "enchantments": {
                "minecraft:protection": {
                  "min": 1,
                  "max": 3
                },
                "minecraft:projectile_protection": {
                  "min": 1,
                  "max": 3
                }
              }
            },
            {
              "function": "minecraft:set_attributes",
              "modifiers": [
                {
                  "id": "nether_leggings",
                  "attribute": "minecraft:generic.armor_toughness",
                  "amount": 2.5,
                  "operation": "add_value",
                  "slot": "legs"
                },
                {
                  "id": "nether_leggings",
                  "attribute": "minecraft:generic.armor",
                  "amount": 8,
                  "operation": "add_value",
                  "slot": "legs"
                }
              ]
            }
          ]
        },
        {
          "type": "minecraft:item",
          "name": "minecraft:leather_leggings",
          "weight": 1,
          "functions": [
            {
              "function": "minecraft:set_components",
              "components": {
                "minecraft:repair_cost": 99999,
                "minecraft:unbreakable": {},
                "minecraft:custom_name": "{\"text\":\"Nether Leggings\",\"color\":\"gold\",\"italic\":false}",
                "minecraft:lore": [
                  "{\"text\":\" \"}",
                  "{\"text\":\"Ability:\",\"color\":\"green\",\"italic\":false}",
                  "{\"text\":\"Deals 33% extra melee damage to\",\"color\":\"gray\",\"italic\":false}",
                  "{\"text\":\"enemies with the Resistance effect. \",\"color\":\"gray\",\"italic\":false}"
                ],
                "minecraft:dyed_color": 9834512,
                "minecraft:custom_data": {
                  "armor": "nether_leggings",
                  "mt": "armor"
                }
              }
            },
            {
              "function": "minecraft:set_enchantments",
              "enchantments": {
                "minecraft:protection": {
                  "min": 1,
                  "max": 3
                },
                "minecraft:projectile_protection": {
                  "min": 1,
                  "max": 3
                }
              }
            },
            {
              "function": "minecraft:set_attributes",
              "modifiers": [
                {
                  "id": "nether_leggings",
                  "attribute": "minecraft:generic.armor_toughness",
                  "amount": 3,
                  "operation": "add_value",
                  "slot": "legs"
                },
                {
                  "id": "nether_leggings",
                  "attribute": "minecraft:generic.armor",
                  "amount": 6,
                  "operation": "add_value",
                  "slot": "legs"
                }
              ]
            }
          ]
        },
        {
          "type": "minecraft:item",
          "name": "minecraft:leather_leggings",
          "weight": 1,
          "functions": [
            {
              "function": "minecraft:set_components",
              "components": {
                "minecraft:repair_cost": 99999,
                "minecraft:unbreakable": {},
                "minecraft:custom_name": "{\"text\":\"Nether Leggings\",\"color\":\"gold\",\"italic\":false}",
                "minecraft:lore": [
                  "{\"text\":\" \"}",
                  "{\"text\":\"Ability:\",\"color\":\"green\",\"italic\":false}",
                  "{\"text\":\"Deals 33% extra melee damage to\",\"color\":\"gray\",\"italic\":false}",
                  "{\"text\":\"enemies with the Resistance effect. \",\"color\":\"gray\",\"italic\":false}"
                ],
                "minecraft:dyed_color": 9834512,
                "minecraft:custom_data": {
                  "armor": "nether_leggings",
                  "mt": "armor"
                }
              }
            },
            {
              "function": "minecraft:set_enchantments",
              "enchantments": {
                "minecraft:protection": {
                  "min": 1,
                  "max": 3
                },
                "minecraft:projectile_protection": {
                  "min": 1,
                  "max": 3
                }
              }
            },
            {
              "function": "minecraft:set_attributes",
              "modifiers": [
                {
                  "id": "nether_leggings",
                  "attribute": "minecraft:generic.armor_toughness",
                  "amount": 3.5,
                  "operation": "add_value",
                  "slot": "legs"
                },
                {
                  "id": "nether_leggings",
                  "attribute": "minecraft:generic.armor",
                  "amount": 6,
                  "operation": "add_value",
                  "slot": "legs"
                }
              ]
            }
          ]
        },
        {
          "type": "minecraft:item",
          "name": "minecraft:leather_leggings",
          "weight": 1,
          "functions": [
            {
              "function": "minecraft:set_components",
              "components": {
                "minecraft:repair_cost": 99999,
                "minecraft:unbreakable": {},
                "minecraft:custom_name": "{\"text\":\"Nether Leggings\",\"color\":\"gold\",\"italic\":false}",
                "minecraft:lore": [
                  "{\"text\":\" \"}",
                  "{\"text\":\"Ability:\",\"color\":\"green\",\"italic\":false}",
                  "{\"text\":\"Deals 33% extra melee damage to\",\"color\":\"gray\",\"italic\":false}",
                  "{\"text\":\"enemies with the Resistance effect. \",\"color\":\"gray\",\"italic\":false}"
                ],
                "minecraft:dyed_color": 9834512,
                "minecraft:custom_data": {
                  "armor": "nether_leggings",
                  "mt": "armor"
                }
              }
            },
            {
              "function": "minecraft:set_enchantments",
              "enchantments": {
                "minecraft:protection": {
                  "min": 1,
                  "max": 3
                },
                "minecraft:projectile_protection": {
                  "min": 1,
                  "max": 3
                }
              }
            },
            {
              "function": "minecraft:set_attributes",
              "modifiers": [
                {
                  "id": "nether_leggings",
                  "attribute": "minecraft:generic.armor_toughness",
                  "amount": 4,
                  "operation": "add_value",
                  "slot": "legs"
                },
                {
                  "id": "nether_leggings",
                  "attribute": "minecraft:generic.armor",
                  "amount": 6,
                  "operation": "add_value",
                  "slot": "legs"
                }
              ]
            }
          ]
        },
        {
          "type": "minecraft:item",
          "name": "minecraft:leather_leggings",
          "weight": 1,
          "functions": [
            {
              "function": "minecraft:set_components",
              "components": {
                "minecraft:repair_cost": 99999,
                "minecraft:unbreakable": {},
                "minecraft:custom_name": "{\"text\":\"Nether Leggings\",\"color\":\"gold\",\"italic\":false}",
                "minecraft:lore": [
                  "{\"text\":\" \"}",
                  "{\"text\":\"Ability:\",\"color\":\"green\",\"italic\":false}",
                  "{\"text\":\"Deals 33% extra melee damage to\",\"color\":\"gray\",\"italic\":false}",
                  "{\"text\":\"enemies with the Resistance effect. \",\"color\":\"gray\",\"italic\":false}"
                ],
                "minecraft:dyed_color": 9834512,
                "minecraft:custom_data": {
                  "armor": "nether_leggings",
                  "mt": "armor"
                }
              }
            },
            {
              "function": "minecraft:set_enchantments",
              "enchantments": {
                "minecraft:protection": {
                  "min": 1,
                  "max": 3
                },
                "minecraft:projectile_protection": {
                  "min": 1,
                  "max": 3
                }
              }
            },
            {
              "function": "minecraft:set_attributes",
              "modifiers": [
                {
                  "id": "nether_leggings",
                  "attribute": "minecraft:generic.armor_toughness",
                  "amount": 4.5,
                  "operation": "add_value",
                  "slot": "legs"
                },
                {
                  "id": "nether_leggings",
                  "attribute": "minecraft:generic.armor",
                  "amount": 6,
                  "operation": "add_value",
                  "slot": "legs"
                }
              ]
            }
          ]
        },
        {
          "type": "minecraft:item",
          "name": "minecraft:leather_leggings",
          "weight": 1,
          "functions": [
            {
              "function": "minecraft:set_components",
              "components": {
                "minecraft:repair_cost": 99999,
                "minecraft:unbreakable": {},
                "minecraft:custom_name": "{\"text\":\"Nether Leggings\",\"color\":\"gold\",\"italic\":false}",
                "minecraft:lore": [
                  "{\"text\":\" \"}",
                  "{\"text\":\"Ability:\",\"color\":\"green\",\"italic\":false}",
                  "{\"text\":\"Deals 33% extra melee damage to\",\"color\":\"gray\",\"italic\":false}",
                  "{\"text\":\"enemies with the Resistance effect. \",\"color\":\"gray\",\"italic\":false}"
                ],
                "minecraft:dyed_color": 9834512,
                "minecraft:custom_data": {
                  "armor": "nether_leggings",
                  "mt": "armor"
                }
              }
            },
            {
              "function": "minecraft:set_enchantments",
              "enchantments": {
                "minecraft:protection": {
                  "min": 1,
                  "max": 3
                },
                "minecraft:projectile_protection": {
                  "min": 1,
                  "max": 3
                }
              }
            },
            {
              "function": "minecraft:set_attributes",
              "modifiers": [
                {
                  "id": "nether_leggings",
                  "attribute": "minecraft:generic.armor_toughness",
                  "amount": 5,
                  "operation": "add_value",
                  "slot": "legs"
                },
                {
                  "id": "nether_leggings",
                  "attribute": "minecraft:generic.armor",
                  "amount": 6,
                  "operation": "add_value",
                  "slot": "legs"
                }
              ]
            }
          ]
        },
        {
          "type": "minecraft:item",
          "name": "minecraft:leather_leggings",
          "weight": 1,
          "functions": [
            {
              "function": "minecraft:set_components",
              "components": {
                "minecraft:repair_cost": 99999,
                "minecraft:unbreakable": {},
                "minecraft:custom_name": "{\"text\":\"Nether Leggings\",\"color\":\"gold\",\"italic\":false}",
                "minecraft:lore": [
                  "{\"text\":\" \"}",
                  "{\"text\":\"Ability:\",\"color\":\"green\",\"italic\":false}",
                  "{\"text\":\"Deals 33% extra melee damage to\",\"color\":\"gray\",\"italic\":false}",
                  "{\"text\":\"enemies with the Resistance effect. \",\"color\":\"gray\",\"italic\":false}"
                ],
                "minecraft:dyed_color": 9834512,
                "minecraft:custom_data": {
                  "armor": "nether_leggings",
                  "mt": "armor"
                }
              }
            },
            {
              "function": "minecraft:set_enchantments",
              "enchantments": {
                "minecraft:protection": {
                  "min": 1,
                  "max": 3
                },
                "minecraft:projectile_protection": {
                  "min": 1,
                  "max": 3
                }
              }
            },
            {
              "function": "minecraft:set_attributes",
              "modifiers": [
                {
                  "id": "nether_leggings",
                  "attribute": "minecraft:generic.armor_toughness",
                  "amount": 3.5,
                  "operation": "add_value",
                  "slot": "legs"
                },
                {
                  "id": "nether_leggings",
                  "attribute": "minecraft:generic.armor",
                  "amount": 6,
                  "operation": "add_value",
                  "slot": "legs"
                }
              ]
            }
          ]
        },
        {
          "type": "minecraft:item",
          "name": "minecraft:leather_leggings",
          "weight": 1,
          "functions": [
            {
              "function": "minecraft:set_components",
              "components": {
                "minecraft:repair_cost": 99999,
                "minecraft:unbreakable": {},
                "minecraft:custom_name": "{\"text\":\"Nether Leggings\",\"color\":\"gold\",\"italic\":false}",
                "minecraft:lore": [
                  "{\"text\":\" \"}",
                  "{\"text\":\"Ability:\",\"color\":\"green\",\"italic\":false}",
                  "{\"text\":\"Deals 33% extra melee damage to\",\"color\":\"gray\",\"italic\":false}",
                  "{\"text\":\"enemies with the Resistance effect. \",\"color\":\"gray\",\"italic\":false}"
                ],
                "minecraft:dyed_color": 9834512,
                "minecraft:custom_data": {
                  "armor": "nether_leggings",
                  "mt": "armor"
                }
              }
            },
            {
              "function": "minecraft:set_enchantments",
              "enchantments": {
                "minecraft:protection": {
                  "min": 1,
                  "max": 3
                },
                "minecraft:projectile_protection": {
                  "min": 1,
                  "max": 3
                }
              }
            },
            {
              "function": "minecraft:set_attributes",
              "modifiers": [
                {
                  "id": "nether_leggings",
                  "attribute": "minecraft:generic.armor_toughness",
                  "amount": 4,
                  "operation": "add_value",
                  "slot": "legs"
                },
                {
                  "id": "nether_leggings",
                  "attribute": "minecraft:generic.armor",
                  "amount": 6,
                  "operation": "add_value",
                  "slot": "legs"
                }
              ]
            }
          ]
        },
        {
          "type": "minecraft:item",
          "name": "minecraft:leather_leggings",
          "weight": 1,
          "functions": [
            {
              "function": "minecraft:set_components",
              "components": {
                "minecraft:repair_cost": 99999,
                "minecraft:unbreakable": {},
                "minecraft:custom_name": "{\"text\":\"Nether Leggings\",\"color\":\"gold\",\"italic\":false}",
                "minecraft:lore": [
                  "{\"text\":\" \"}",
                  "{\"text\":\"Ability:\",\"color\":\"green\",\"italic\":false}",
                  "{\"text\":\"Deals 33% extra melee damage to\",\"color\":\"gray\",\"italic\":false}",
                  "{\"text\":\"enemies with the Resistance effect. \",\"color\":\"gray\",\"italic\":false}"
                ],
                "minecraft:dyed_color": 9834512,
                "minecraft:custom_data": {
                  "armor": "nether_leggings",
                  "mt": "armor"
                }
              }
            },
            {
              "function": "minecraft:set_enchantments",
              "enchantments": {
                "minecraft:protection": {
                  "min": 1,
                  "max": 3
                },
                "minecraft:projectile_protection": {
                  "min": 1,
                  "max": 3
                }
              }
            },
            {
              "function": "minecraft:set_attributes",
              "modifiers": [
                {
                  "id": "nether_leggings",
                  "attribute": "minecraft:generic.armor_toughness",
                  "amount": 4.5,
                  "operation": "add_value",
                  "slot": "legs"
                },
                {
                  "id": "nether_leggings",
                  "attribute": "minecraft:generic.armor",
                  "amount": 6,
                  "operation": "add_value",
                  "slot": "legs"
                }
              ]
            }
          ]
        },
        {
          "type": "minecraft:item",
          "name": "minecraft:leather_leggings",
          "weight": 1,
          "functions": [
            {
              "function": "minecraft:set_components",
              "components": {
                "minecraft:repair_cost": 99999,
                "minecraft:unbreakable": {},
                "minecraft:custom_name": "{\"text\":\"Nether Leggings\",\"color\":\"gold\",\"italic\":false}",
                "minecraft:lore": [
                  "{\"text\":\" \"}",
                  "{\"text\":\"Ability:\",\"color\":\"green\",\"italic\":false}",
                  "{\"text\":\"Deals 33% extra melee damage to\",\"color\":\"gray\",\"italic\":false}",
                  "{\"text\":\"enemies with the Resistance effect. \",\"color\":\"gray\",\"italic\":false}"
                ],
                "minecraft:dyed_color": 9834512,
                "minecraft:custom_data": {
                  "armor": "nether_leggings",
                  "mt": "armor"
                }
              }
            },
            {
              "function": "minecraft:set_enchantments",
              "enchantments": {
                "minecraft:protection": {
                  "min": 1,
                  "max": 3
                },
                "minecraft:projectile_protection": {
                  "min": 1,
                  "max": 3
                }
              }
            },
            {
              "function": "minecraft:set_attributes",
              "modifiers": [
                {
                  "id": "nether_leggings",
                  "attribute": "minecraft:generic.armor_toughness",
                  "amount": 5,
                  "operation": "add_value",
                  "slot": "legs"
                },
                {
                  "id": "nether_leggings",
                  "attribute": "minecraft:generic.armor",
                  "amount": 6,
                  "operation": "add_value",
                  "slot": "legs"
                }
              ]
            }
          ]
        },
        {
          "type": "minecraft:item",
          "name": "minecraft:leather_leggings",
          "weight": 1,
          "functions": [
            {
              "function": "minecraft:set_components",
              "components": {
                "minecraft:repair_cost": 99999,
                "minecraft:unbreakable": {},
                "minecraft:custom_name": "{\"text\":\"Nether Leggings\",\"color\":\"gold\",\"italic\":false}",
                "minecraft:lore": [
                  "{\"text\":\" \"}",
                  "{\"text\":\"Ability:\",\"color\":\"green\",\"italic\":false}",
                  "{\"text\":\"Deals 33% extra melee damage to\",\"color\":\"gray\",\"italic\":false}",
                  "{\"text\":\"enemies with the Resistance effect. \",\"color\":\"gray\",\"italic\":false}"
                ],
                "minecraft:dyed_color": 9834512,
                "minecraft:custom_data": {
                  "armor": "nether_leggings",
                  "mt": "armor"
                }
              }
            },
            {
              "function": "minecraft:set_enchantments",
              "enchantments": {
                "minecraft:protection": {
                  "min": 1,
                  "max": 3
                },
                "minecraft:projectile_protection": {
                  "min": 1,
                  "max": 3
                }
              }
            },
            {
              "function": "minecraft:set_attributes",
              "modifiers": [
                {
                  "id": "nether_leggings",
                  "attribute": "minecraft:generic.armor_toughness",
                  "amount": 3,
                  "operation": "add_value",
                  "slot": "legs"
                },
                {
                  "id": "nether_leggings",
                  "attribute": "minecraft:generic.armor",
                  "amount": 6.5,
                  "operation": "add_value",
                  "slot": "legs"
                }
              ]
            }
          ]
        },
        {
          "type": "minecraft:item",
          "name": "minecraft:leather_leggings",
          "weight": 1,
          "functions": [
            {
              "function": "minecraft:set_components",
              "components": {
                "minecraft:repair_cost": 99999,
                "minecraft:unbreakable": {},
                "minecraft:custom_name": "{\"text\":\"Nether Leggings\",\"color\":\"gold\",\"italic\":false}",
                "minecraft:lore": [
                  "{\"text\":\" \"}",
                  "{\"text\":\"Ability:\",\"color\":\"green\",\"italic\":false}",
                  "{\"text\":\"Deals 33% extra melee damage to\",\"color\":\"gray\",\"italic\":false}",
                  "{\"text\":\"enemies with the Resistance effect. \",\"color\":\"gray\",\"italic\":false}"
                ],
                "minecraft:dyed_color": 9834512,
                "minecraft:custom_data": {
                  "armor": "nether_leggings",
                  "mt": "armor"
                }
              }
            },
            {
              "function": "minecraft:set_enchantments",
              "enchantments": {
                "minecraft:protection": {
                  "min": 1,
                  "max": 3
                },
                "minecraft:projectile_protection": {
                  "min": 1,
                  "max": 3
                }
              }
            },
            {
              "function": "minecraft:set_attributes",
              "modifiers": [
                {
                  "id": "nether_leggings",
                  "attribute": "minecraft:generic.armor_toughness",
                  "amount": 3.5,
                  "operation": "add_value",
                  "slot": "legs"
                },
                {
                  "id": "nether_leggings",
                  "attribute": "minecraft:generic.armor",
                  "amount": 6.5,
                  "operation": "add_value",
                  "slot": "legs"
                }
              ]
            }
          ]
        },
        {
          "type": "minecraft:item",
          "name": "minecraft:leather_leggings",
          "weight": 1,
          "functions": [
            {
              "function": "minecraft:set_components",
              "components": {
                "minecraft:repair_cost": 99999,
                "minecraft:unbreakable": {},
                "minecraft:custom_name": "{\"text\":\"Nether Leggings\",\"color\":\"gold\",\"italic\":false}",
                "minecraft:lore": [
                  "{\"text\":\" \"}",
                  "{\"text\":\"Ability:\",\"color\":\"green\",\"italic\":false}",
                  "{\"text\":\"Deals 33% extra melee damage to\",\"color\":\"gray\",\"italic\":false}",
                  "{\"text\":\"enemies with the Resistance effect. \",\"color\":\"gray\",\"italic\":false}"
                ],
                "minecraft:dyed_color": 9834512,
                "minecraft:custom_data": {
                  "armor": "nether_leggings",
                  "mt": "armor"
                }
              }
            },
            {
              "function": "minecraft:set_enchantments",
              "enchantments": {
                "minecraft:protection": {
                  "min": 1,
                  "max": 3
                },
                "minecraft:projectile_protection": {
                  "min": 1,
                  "max": 3
                }
              }
            },
            {
              "function": "minecraft:set_attributes",
              "modifiers": [
                {
                  "id": "nether_leggings",
                  "attribute": "minecraft:generic.armor_toughness",
                  "amount": 4,
                  "operation": "add_value",
                  "slot": "legs"
                },
                {
                  "id": "nether_leggings",
                  "attribute": "minecraft:generic.armor",
                  "amount": 6.5,
                  "operation": "add_value",
                  "slot": "legs"
                }
              ]
            }
          ]
        },
        {
          "type": "minecraft:item",
          "name": "minecraft:leather_leggings",
          "weight": 1,
          "functions": [
            {
              "function": "minecraft:set_components",
              "components": {
                "minecraft:repair_cost": 99999,
                "minecraft:unbreakable": {},
                "minecraft:custom_name": "{\"text\":\"Nether Leggings\",\"color\":\"gold\",\"italic\":false}",
                "minecraft:lore": [
                  "{\"text\":\" \"}",
                  "{\"text\":\"Ability:\",\"color\":\"green\",\"italic\":false}",
                  "{\"text\":\"Deals 33% extra melee damage to\",\"color\":\"gray\",\"italic\":false}",
                  "{\"text\":\"enemies with the Resistance effect. \",\"color\":\"gray\",\"italic\":false}"
                ],
                "minecraft:dyed_color": 9834512,
                "minecraft:custom_data": {
                  "armor": "nether_leggings",
                  "mt": "armor"
                }
              }
            },
            {
              "function": "minecraft:set_enchantments",
              "enchantments": {
                "minecraft:protection": {
                  "min": 1,
                  "max": 3
                },
                "minecraft:projectile_protection": {
                  "min": 1,
                  "max": 3
                }
              }
            },
            {
              "function": "minecraft:set_attributes",
              "modifiers": [
                {
                  "id": "nether_leggings",
                  "attribute": "minecraft:generic.armor_toughness",
                  "amount": 4.5,
                  "operation": "add_value",
                  "slot": "legs"
                },
                {
                  "id": "nether_leggings",
                  "attribute": "minecraft:generic.armor",
                  "amount": 6.5,
                  "operation": "add_value",
                  "slot": "legs"
                }
              ]
            }
          ]
        },
        {
          "type": "minecraft:item",
          "name": "minecraft:leather_leggings",
          "weight": 1,
          "functions": [
            {
              "function": "minecraft:set_components",
              "components": {
                "minecraft:repair_cost": 99999,
                "minecraft:unbreakable": {},
                "minecraft:custom_name": "{\"text\":\"Nether Leggings\",\"color\":\"gold\",\"italic\":false}",
                "minecraft:lore": [
                  "{\"text\":\" \"}",
                  "{\"text\":\"Ability:\",\"color\":\"green\",\"italic\":false}",
                  "{\"text\":\"Deals 33% extra melee damage to\",\"color\":\"gray\",\"italic\":false}",
                  "{\"text\":\"enemies with the Resistance effect. \",\"color\":\"gray\",\"italic\":false}"
                ],
                "minecraft:dyed_color": 9834512,
                "minecraft:custom_data": {
                  "armor": "nether_leggings",
                  "mt": "armor"
                }
              }
            },
            {
              "function": "minecraft:set_enchantments",
              "enchantments": {
                "minecraft:protection": {
                  "min": 1,
                  "max": 3
                },
                "minecraft:projectile_protection": {
                  "min": 1,
                  "max": 3
                }
              }
            },
            {
              "function": "minecraft:set_attributes",
              "modifiers": [
                {
                  "id": "nether_leggings",
                  "attribute": "minecraft:generic.armor_toughness",
                  "amount": 5,
                  "operation": "add_value",
                  "slot": "legs"
                },
                {
                  "id": "nether_leggings",
                  "attribute": "minecraft:generic.armor",
                  "amount": 6.5,
                  "operation": "add_value",
                  "slot": "legs"
                }
              ]
            }
          ]
        },
        {
          "type": "minecraft:item",
          "name": "minecraft:leather_leggings",
          "weight": 1,
          "functions": [
            {
              "function": "minecraft:set_components",
              "components": {
                "minecraft:repair_cost": 99999,
                "minecraft:unbreakable": {},
                "minecraft:custom_name": "{\"text\":\"Nether Leggings\",\"color\":\"gold\",\"italic\":false}",
                "minecraft:lore": [
                  "{\"text\":\" \"}",
                  "{\"text\":\"Ability:\",\"color\":\"green\",\"italic\":false}",
                  "{\"text\":\"Deals 33% extra melee damage to\",\"color\":\"gray\",\"italic\":false}",
                  "{\"text\":\"enemies with the Resistance effect. \",\"color\":\"gray\",\"italic\":false}"
                ],
                "minecraft:dyed_color": 9834512,
                "minecraft:custom_data": {
                  "armor": "nether_leggings",
                  "mt": "armor"
                }
              }
            },
            {
              "function": "minecraft:set_enchantments",
              "enchantments": {
                "minecraft:protection": {
                  "min": 1,
                  "max": 3
                },
                "minecraft:projectile_protection": {
                  "min": 1,
                  "max": 3
                }
              }
            },
            {
              "function": "minecraft:set_attributes",
              "modifiers": [
                {
                  "id": "nether_leggings",
                  "attribute": "minecraft:generic.armor_toughness",
                  "amount": 3,
                  "operation": "add_value",
                  "slot": "legs"
                },
                {
                  "id": "nether_leggings",
                  "attribute": "minecraft:generic.armor",
                  "amount": 7,
                  "operation": "add_value",
                  "slot": "legs"
                }
              ]
            }
          ]
        },
        {
          "type": "minecraft:item",
          "name": "minecraft:leather_leggings",
          "weight": 1,
          "functions": [
            {
              "function": "minecraft:set_components",
              "components": {
                "minecraft:repair_cost": 99999,
                "minecraft:unbreakable": {},
                "minecraft:custom_name": "{\"text\":\"Nether Leggings\",\"color\":\"gold\",\"italic\":false}",
                "minecraft:lore": [
                  "{\"text\":\" \"}",
                  "{\"text\":\"Ability:\",\"color\":\"green\",\"italic\":false}",
                  "{\"text\":\"Deals 33% extra melee damage to\",\"color\":\"gray\",\"italic\":false}",
                  "{\"text\":\"enemies with the Resistance effect. \",\"color\":\"gray\",\"italic\":false}"
                ],
                "minecraft:dyed_color": 9834512,
                "minecraft:custom_data": {
                  "armor": "nether_leggings",
                  "mt": "armor"
                }
              }
            },
            {
              "function": "minecraft:set_enchantments",
              "enchantments": {
                "minecraft:protection": {
                  "min": 1,
                  "max": 3
                },
                "minecraft:projectile_protection": {
                  "min": 1,
                  "max": 3
                }
              }
            },
            {
              "function": "minecraft:set_attributes",
              "modifiers": [
                {
                  "id": "nether_leggings",
                  "attribute": "minecraft:generic.armor_toughness",
                  "amount": 3.5,
                  "operation": "add_value",
                  "slot": "legs"
                },
                {
                  "id": "nether_leggings",
                  "attribute": "minecraft:generic.armor",
                  "amount": 7,
                  "operation": "add_value",
                  "slot": "legs"
                }
              ]
            }
          ]
        },
        {
          "type": "minecraft:item",
          "name": "minecraft:leather_leggings",
          "weight": 1,
          "functions": [
            {
              "function": "minecraft:set_components",
              "components": {
                "minecraft:repair_cost": 99999,
                "minecraft:unbreakable": {},
                "minecraft:custom_name": "{\"text\":\"Nether Leggings\",\"color\":\"gold\",\"italic\":false}",
                "minecraft:lore": [
                  "{\"text\":\" \"}",
                  "{\"text\":\"Ability:\",\"color\":\"green\",\"italic\":false}",
                  "{\"text\":\"Deals 33% extra melee damage to\",\"color\":\"gray\",\"italic\":false}",
                  "{\"text\":\"enemies with the Resistance effect. \",\"color\":\"gray\",\"italic\":false}"
                ],
                "minecraft:dyed_color": 9834512,
                "minecraft:custom_data": {
                  "armor": "nether_leggings",
                  "mt": "armor"
                }
              }
            },
            {
              "function": "minecraft:set_enchantments",
              "enchantments": {
                "minecraft:protection": {
                  "min": 1,
                  "max": 3
                },
                "minecraft:projectile_protection": {
                  "min": 1,
                  "max": 3
                }
              }
            },
            {
              "function": "minecraft:set_attributes",
              "modifiers": [
                {
                  "id": "nether_leggings",
                  "attribute": "minecraft:generic.armor_toughness",
                  "amount": 4,
                  "operation": "add_value",
                  "slot": "legs"
                },
                {
                  "id": "nether_leggings",
                  "attribute": "minecraft:generic.armor",
                  "amount": 7,
                  "operation": "add_value",
                  "slot": "legs"
                }
              ]
            }
          ]
        },
        {
          "type": "minecraft:item",
          "name": "minecraft:leather_leggings",
          "weight": 1,
          "functions": [
            {
              "function": "minecraft:set_components",
              "components": {
                "minecraft:repair_cost": 99999,
                "minecraft:unbreakable": {},
                "minecraft:custom_name": "{\"text\":\"Nether Leggings\",\"color\":\"gold\",\"italic\":false}",
                "minecraft:lore": [
                  "{\"text\":\" \"}",
                  "{\"text\":\"Ability:\",\"color\":\"green\",\"italic\":false}",
                  "{\"text\":\"Deals 33% extra melee damage to\",\"color\":\"gray\",\"italic\":false}",
                  "{\"text\":\"enemies with the Resistance effect. \",\"color\":\"gray\",\"italic\":false}"
                ],
                "minecraft:dyed_color": 9834512,
                "minecraft:custom_data": {
                  "armor": "nether_leggings",
                  "mt": "armor"
                }
              }
            },
            {
              "function": "minecraft:set_enchantments",
              "enchantments": {
                "minecraft:protection": {
                  "min": 1,
                  "max": 3
                },
                "minecraft:projectile_protection": {
                  "min": 1,
                  "max": 3
                }
              }
            },
            {
              "function": "minecraft:set_attributes",
              "modifiers": [
                {
                  "id": "nether_leggings",
                  "attribute": "minecraft:generic.armor_toughness",
                  "amount": 4.5,
                  "operation": "add_value",
                  "slot": "legs"
                },
                {
                  "id": "nether_leggings",
                  "attribute": "minecraft:generic.armor",
                  "amount": 7,
                  "operation": "add_value",
                  "slot": "legs"
                }
              ]
            }
          ]
        },
        {
          "type": "minecraft:item",
          "name": "minecraft:leather_leggings",
          "weight": 1,
          "functions": [
            {
              "function": "minecraft:set_components",
              "components": {
                "minecraft:repair_cost": 99999,
                "minecraft:unbreakable": {},
                "minecraft:custom_name": "{\"text\":\"Nether Leggings\",\"color\":\"gold\",\"italic\":false}",
                "minecraft:lore": [
                  "{\"text\":\" \"}",
                  "{\"text\":\"Ability:\",\"color\":\"green\",\"italic\":false}",
                  "{\"text\":\"Deals 33% extra melee damage to\",\"color\":\"gray\",\"italic\":false}",
                  "{\"text\":\"enemies with the Resistance effect. \",\"color\":\"gray\",\"italic\":false}"
                ],
                "minecraft:dyed_color": 9834512,
                "minecraft:custom_data": {
                  "armor": "nether_leggings",
                  "mt": "armor"
                }
              }
            },
            {
              "function": "minecraft:set_enchantments",
              "enchantments": {
                "minecraft:protection": {
                  "min": 1,
                  "max": 3
                },
                "minecraft:projectile_protection": {
                  "min": 1,
                  "max": 3
                }
              }
            },
            {
              "function": "minecraft:set_attributes",
              "modifiers": [
                {
                  "id": "nether_leggings",
                  "attribute": "minecraft:generic.armor_toughness",
                  "amount": 5,
                  "operation": "add_value",
                  "slot": "legs"
                },
                {
                  "id": "nether_leggings",
                  "attribute": "minecraft:generic.armor",
                  "amount": 7,
                  "operation": "add_value",
                  "slot": "legs"
                }
              ]
            }
          ]
        },
        {
          "type": "minecraft:item",
          "name": "minecraft:leather_leggings",
          "weight": 1,
          "functions": [
            {
              "function": "minecraft:set_components",
              "components": {
                "minecraft:repair_cost": 99999,
                "minecraft:unbreakable": {},
                "minecraft:custom_name": "{\"text\":\"Nether Leggings\",\"color\":\"gold\",\"italic\":false}",
                "minecraft:lore": [
                  "{\"text\":\" \"}",
                  "{\"text\":\"Ability:\",\"color\":\"green\",\"italic\":false}",
                  "{\"text\":\"Deals 33% extra melee damage to\",\"color\":\"gray\",\"italic\":false}",
                  "{\"text\":\"enemies with the Resistance effect. \",\"color\":\"gray\",\"italic\":false}"
                ],
                "minecraft:dyed_color": 9834512,
                "minecraft:custom_data": {
                  "armor": "nether_leggings",
                  "mt": "armor"
                }
              }
            },
            {
              "function": "minecraft:set_enchantments",
              "enchantments": {
                "minecraft:protection": {
                  "min": 1,
                  "max": 3
                },
                "minecraft:projectile_protection": {
                  "min": 1,
                  "max": 3
                }
              }
            },
            {
              "function": "minecraft:set_attributes",
              "modifiers": [
                {
                  "id": "nether_leggings",
                  "attribute": "minecraft:generic.armor_toughness",
                  "amount": 3,
                  "operation": "add_value",
                  "slot": "legs"
                },
                {
                  "id": "nether_leggings",
                  "attribute": "minecraft:generic.armor",
                  "amount": 7.5,
                  "operation": "add_value",
                  "slot": "legs"
                }
              ]
            }
          ]
        },
        {
          "type": "minecraft:item",
          "name": "minecraft:leather_leggings",
          "weight": 1,
          "functions": [
            {
              "function": "minecraft:set_components",
              "components": {
                "minecraft:repair_cost": 99999,
                "minecraft:unbreakable": {},
                "minecraft:custom_name": "{\"text\":\"Nether Leggings\",\"color\":\"gold\",\"italic\":false}",
                "minecraft:lore": [
                  "{\"text\":\" \"}",
                  "{\"text\":\"Ability:\",\"color\":\"green\",\"italic\":false}",
                  "{\"text\":\"Deals 33% extra melee damage to\",\"color\":\"gray\",\"italic\":false}",
                  "{\"text\":\"enemies with the Resistance effect. \",\"color\":\"gray\",\"italic\":false}"
                ],
                "minecraft:dyed_color": 9834512,
                "minecraft:custom_data": {
                  "armor": "nether_leggings",
                  "mt": "armor"
                }
              }
            },
            {
              "function": "minecraft:set_enchantments",
              "enchantments": {
                "minecraft:protection": {
                  "min": 1,
                  "max": 3
                },
                "minecraft:projectile_protection": {
                  "min": 1,
                  "max": 3
                }
              }
            },
            {
              "function": "minecraft:set_attributes",
              "modifiers": [
                {
                  "id": "nether_leggings",
                  "attribute": "minecraft:generic.armor_toughness",
                  "amount": 3.5,
                  "operation": "add_value",
                  "slot": "legs"
                },
                {
                  "id": "nether_leggings",
                  "attribute": "minecraft:generic.armor",
                  "amount": 7.5,
                  "operation": "add_value",
                  "slot": "legs"
                }
              ]
            }
          ]
        },
        {
          "type": "minecraft:item",
          "name": "minecraft:leather_leggings",
          "weight": 1,
          "functions": [
            {
              "function": "minecraft:set_components",
              "components": {
                "minecraft:repair_cost": 99999,
                "minecraft:unbreakable": {},
                "minecraft:custom_name": "{\"text\":\"Nether Leggings\",\"color\":\"gold\",\"italic\":false}",
                "minecraft:lore": [
                  "{\"text\":\" \"}",
                  "{\"text\":\"Ability:\",\"color\":\"green\",\"italic\":false}",
                  "{\"text\":\"Deals 33% extra melee damage to\",\"color\":\"gray\",\"italic\":false}",
                  "{\"text\":\"enemies with the Resistance effect. \",\"color\":\"gray\",\"italic\":false}"
                ],
                "minecraft:dyed_color": 9834512,
                "minecraft:custom_data": {
                  "armor": "nether_leggings",
                  "mt": "armor"
                }
              }
            },
            {
              "function": "minecraft:set_enchantments",
              "enchantments": {
                "minecraft:protection": {
                  "min": 1,
                  "max": 3
                },
                "minecraft:projectile_protection": {
                  "min": 1,
                  "max": 3
                }
              }
            },
            {
              "function": "minecraft:set_attributes",
              "modifiers": [
                {
                  "id": "nether_leggings",
                  "attribute": "minecraft:generic.armor_toughness",
                  "amount": 4,
                  "operation": "add_value",
                  "slot": "legs"
                },
                {
                  "id": "nether_leggings",
                  "attribute": "minecraft:generic.armor",
                  "amount": 7.5,
                  "operation": "add_value",
                  "slot": "legs"
                }
              ]
            }
          ]
        },
        {
          "type": "minecraft:item",
          "name": "minecraft:leather_leggings",
          "weight": 1,
          "functions": [
            {
              "function": "minecraft:set_components",
              "components": {
                "minecraft:repair_cost": 99999,
                "minecraft:unbreakable": {},
                "minecraft:custom_name": "{\"text\":\"Nether Leggings\",\"color\":\"gold\",\"italic\":false}",
                "minecraft:lore": [
                  "{\"text\":\" \"}",
                  "{\"text\":\"Ability:\",\"color\":\"green\",\"italic\":false}",
                  "{\"text\":\"Deals 33% extra melee damage to\",\"color\":\"gray\",\"italic\":false}",
                  "{\"text\":\"enemies with the Resistance effect. \",\"color\":\"gray\",\"italic\":false}"
                ],
                "minecraft:dyed_color": 9834512,
                "minecraft:custom_data": {
                  "armor": "nether_leggings",
                  "mt": "armor"
                }
              }
            },
            {
              "function": "minecraft:set_enchantments",
              "enchantments": {
                "minecraft:protection": {
                  "min": 1,
                  "max": 3
                },
                "minecraft:projectile_protection": {
                  "min": 1,
                  "max": 3
                }
              }
            },
            {
              "function": "minecraft:set_attributes",
              "modifiers": [
                {
                  "id": "nether_leggings",
                  "attribute": "minecraft:generic.armor_toughness",
                  "amount": 5,
                  "operation": "add_value",
                  "slot": "legs"
                },
                {
                  "id": "nether_leggings",
                  "attribute": "minecraft:generic.armor",
                  "amount": 7.5,
                  "operation": "add_value",
                  "slot": "legs"
                }
              ]
            }
          ]
        },
        {
          "type": "minecraft:item",
          "name": "minecraft:leather_leggings",
          "weight": 1,
          "functions": [
            {
              "function": "minecraft:set_components",
              "components": {
                "minecraft:repair_cost": 99999,
                "minecraft:unbreakable": {},
                "minecraft:custom_name": "{\"text\":\"Nether Leggings\",\"color\":\"gold\",\"italic\":false}",
                "minecraft:lore": [
                  "{\"text\":\" \"}",
                  "{\"text\":\"Ability:\",\"color\":\"green\",\"italic\":false}",
                  "{\"text\":\"Deals 33% extra melee damage to\",\"color\":\"gray\",\"italic\":false}",
                  "{\"text\":\"enemies with the Resistance effect. \",\"color\":\"gray\",\"italic\":false}"
                ],
                "minecraft:dyed_color": 9834512,
                "minecraft:custom_data": {
                  "armor": "nether_leggings",
                  "mt": "armor"
                }
              }
            },
            {
              "function": "minecraft:set_enchantments",
              "enchantments": {
                "minecraft:protection": {
                  "min": 1,
                  "max": 3
                },
                "minecraft:projectile_protection": {
                  "min": 1,
                  "max": 3
                }
              }
            },
            {
              "function": "minecraft:set_attributes",
              "modifiers": [
                {
                  "id": "nether_leggings",
                  "attribute": "minecraft:generic.armor_toughness",
                  "amount": 3,
                  "operation": "add_value",
                  "slot": "legs"
                },
                {
                  "id": "nether_leggings",
                  "attribute": "minecraft:generic.armor",
                  "amount": 8,
                  "operation": "add_value",
                  "slot": "legs"
                }
              ]
            }
          ]
        },
        {
          "type": "minecraft:item",
          "name": "minecraft:leather_leggings",
          "weight": 1,
          "functions": [
            {
              "function": "minecraft:set_components",
              "components": {
                "minecraft:repair_cost": 99999,
                "minecraft:unbreakable": {},
                "minecraft:custom_name": "{\"text\":\"Nether Leggings\",\"color\":\"gold\",\"italic\":false}",
                "minecraft:lore": [
                  "{\"text\":\" \"}",
                  "{\"text\":\"Ability:\",\"color\":\"green\",\"italic\":false}",
                  "{\"text\":\"Deals 33% extra melee damage to\",\"color\":\"gray\",\"italic\":false}",
                  "{\"text\":\"enemies with the Resistance effect. \",\"color\":\"gray\",\"italic\":false}"
                ],
                "minecraft:dyed_color": 9834512,
                "minecraft:custom_data": {
                  "armor": "nether_leggings",
                  "mt": "armor"
                }
              }
            },
            {
              "function": "minecraft:set_enchantments",
              "enchantments": {
                "minecraft:protection": {
                  "min": 1,
                  "max": 3
                },
                "minecraft:projectile_protection": {
                  "min": 1,
                  "max": 3
                }
              }
            },
            {
              "function": "minecraft:set_attributes",
              "modifiers": [
                {
                  "id": "nether_leggings",
                  "attribute": "minecraft:generic.armor_toughness",
                  "amount": 3.5,
                  "operation": "add_value",
                  "slot": "legs"
                },
                {
                  "id": "nether_leggings",
                  "attribute": "minecraft:generic.armor",
                  "amount": 8,
                  "operation": "add_value",
                  "slot": "legs"
                }
              ]
            }
          ]
        },
        {
          "type": "minecraft:item",
          "name": "minecraft:leather_leggings",
          "weight": 1,
          "functions": [
            {
              "function": "minecraft:set_components",
              "components": {
                "minecraft:repair_cost": 99999,
                "minecraft:unbreakable": {},
                "minecraft:custom_name": "{\"text\":\"Nether Leggings\",\"color\":\"gold\",\"italic\":false}",
                "minecraft:lore": [
                  "{\"text\":\" \"}",
                  "{\"text\":\"Ability:\",\"color\":\"green\",\"italic\":false}",
                  "{\"text\":\"Deals 33% extra melee damage to\",\"color\":\"gray\",\"italic\":false}",
                  "{\"text\":\"enemies with the Resistance effect. \",\"color\":\"gray\",\"italic\":false}"
                ],
                "minecraft:dyed_color": 9834512,
                "minecraft:custom_data": {
                  "armor": "nether_leggings",
                  "mt": "armor"
                }
              }
            },
            {
              "function": "minecraft:set_enchantments",
              "enchantments": {
                "minecraft:protection": {
                  "min": 1,
                  "max": 3
                },
                "minecraft:projectile_protection": {
                  "min": 1,
                  "max": 3
                }
              }
            },
            {
              "function": "minecraft:set_attributes",
              "modifiers": [
                {
                  "id": "nether_leggings",
                  "attribute": "minecraft:generic.armor_toughness",
                  "amount": 4,
                  "operation": "add_value",
                  "slot": "legs"
                },
                {
                  "id": "nether_leggings",
                  "attribute": "minecraft:generic.armor",
                  "amount": 8,
                  "operation": "add_value",
                  "slot": "legs"
                }
              ]
            }
          ]
        },
        {
          "type": "minecraft:item",
          "name": "minecraft:leather_leggings",
          "weight": 1,
          "functions": [
            {
              "function": "minecraft:set_components",
              "components": {
                "minecraft:repair_cost": 99999,
                "minecraft:unbreakable": {},
                "minecraft:custom_name": "{\"text\":\"Nether Leggings\",\"color\":\"gold\",\"italic\":false}",
                "minecraft:lore": [
                  "{\"text\":\" \"}",
                  "{\"text\":\"Ability:\",\"color\":\"green\",\"italic\":false}",
                  "{\"text\":\"Deals 33% extra melee damage to\",\"color\":\"gray\",\"italic\":false}",
                  "{\"text\":\"enemies with the Resistance effect. \",\"color\":\"gray\",\"italic\":false}"
                ],
                "minecraft:dyed_color": 9834512,
                "minecraft:custom_data": {
                  "armor": "nether_leggings",
                  "mt": "armor"
                }
              }
            },
            {
              "function": "minecraft:set_enchantments",
              "enchantments": {
                "minecraft:protection": {
                  "min": 1,
                  "max": 3
                },
                "minecraft:projectile_protection": {
                  "min": 1,
                  "max": 3
                }
              }
            },
            {
              "function": "minecraft:set_attributes",
              "modifiers": [
                {
                  "id": "nether_leggings",
                  "attribute": "minecraft:generic.armor_toughness",
                  "amount": 4.5,
                  "operation": "add_value",
                  "slot": "legs"
                },
                {
                  "id": "nether_leggings",
                  "attribute": "minecraft:generic.armor",
                  "amount": 8,
                  "operation": "add_value",
                  "slot": "legs"
                }
              ]
            }
          ]
        }
      ]
    }
  ]
}
