{
  "criteria": {
    "requirement": {
      "trigger": "minecraft:using_item",
      "conditions": {
        "player": [
          {
            "condition": "minecraft:entity_scores",
            "entity": "this",
            "scores": {
              "mt.rune_timer": {
                "min": 20
              }
            }
          }
        ],
        "item": {
          "predicates": {
            "minecraft:custom_data": "{rune:\"mt.piglin\"}"
          }
        }
      }
    }
  },
  "rewards": {
    "function": "mt:runes/piglin/activate"
  }
}
