{
    "pools": [
      {
        "rolls": 1,
        "entries": [
          {
            "type": "minecraft:item",
            "name": "minecraft:yellow_dye",
            "functions": [
              {
                "function": "set_name",
                "name": [
                  {
                    "text": "Legendary Charm",
                    "color": "gold",
                    "italic": false
                  }
                ],
                "target": "item_name"
              },
              {
                "function": "set_lore",
                "lore": [
                  {
                    "color": "gray",
                    "text": "Right click to increase ",
                    "italic": false
                  },
                  {
                    "color": "gray",
                    "text": "treasure spawning for ",
                    "italic": false
                  },
                  {
                    "color": "gray",
                    "text": "10 minutes ",
                    "italic": false
                  }
                ],
                "mode": "append"
              },
              {
                "function": "minecraft:set_components",
                "components": {
                  "minecraft:enchantment_glint_override": true,
                  "minecraft:food": {
                    "nutrition": 0,
                    "saturation": 0,
                    "can_always_eat": true,
                    "eat_seconds": 9999999
                  },
                  "minecraft:custom_data": {
                    "mt": "legendary_charm"
                  },
                  "minecraft:max_stack_size": 16
                }
              }
            ]
          }
        ]
      }
    ]
  }
  