{
  "pools": [
    {
      "rolls": {
        "min": {
          "type": "minecraft:score",
          "target": "this",
          "score": "mt.progression",
          "scale": 0.00002
        },
        "max": {
          "type": "minecraft:score",
          "target": "this",
          "score": "mt.progression",
          "scale": 0.000025
        }
      },
      "bonus_rolls": {
        "min": 1,
        "max": 6
      },
      "entries": [
        {
          "type": "minecraft:loot_table",
          "value": "mt:charms/legendary",
          "conditions": [
            {
              "condition": "minecraft:value_check",
              "value": {
                "type": "minecraft:score",
                "target": {
                  "type": "minecraft:fixed",
                  "name": "#disable_legendary_charm"
                },
                "score": "mt.constant"
              },
              "range": 0
            },
            {
              "condition": "minecraft:random_chance",
              "chance": 0.1
            }
          ]
        },
        {
          "type": "item",
          "weight": 1,
          "name": "minecraft:potion",
          "functions": [
            {
              "function": "set_count",
              "count": 1
            },
            {
              "function": "minecraft:set_components",
              "components": {
                "minecraft:max_stack_size": 5,
                "minecraft:custom_name": "{\"text\":\"Potion of The Lush Caves\",\"color\":\"gold\",\"italic\":false}",
                "minecraft:potion_contents": {
                  "custom_color": 1572662,
                  "custom_effects": [
                    {
                      "id": "minecraft:instant_health",
                      "amplifier": 1,
                      "duration": 1
                    },
                    {
                      "id": "minecraft:regeneration",
                      "amplifier": 3,
                      "duration": 400,
                      "show_particles": true
                    },
                    {
                      "id": "minecraft:resistance",
                      "amplifier": 1,
                      "duration": 400,
                      "show_particles": true
                    },
                    {
                      "id": "minecraft:absorption",
                      "amplifier": 1,
                      "duration": 400,
                      "show_particles": true
                    },
                    {
                      "id": "minecraft:glowing",
                      "amplifier": 1,
                      "duration": 400,
                      "show_particles": true
                    }
                  ]
                }
              }
            }
          ]
        },
        {
          "type": "minecraft:item",
          "name": "minecraft:lime_shulker_box",
          "weight": 2,
          "quality": 1,
          "functions": [
            {
              "function": "minecraft:set_contents",
              "component": "minecraft:container",
              "entries": [
                {
                  "type": "minecraft:loot_table",
                  "value": "mt:chests/lush_caves_treasure/lushcave_epic_treasure"
                }
              ]
            }
          ],
          "conditions": [
            {
              "condition": "minecraft:random_chance",
              "chance": 0.5
            },
            {
              "condition": "minecraft:entity_scores",
              "entity": "this",
              "scores": {
                "mt.progression": {
                  "min": 350000
                }
              }
            }
          ]
        },
        {
          "type": "minecraft:loot_table",
          "weight": 2,
          "value": "mt:chests/lush_caves_treasure/lush_caves_leggings",
          "conditions": [
            {
              "condition": "minecraft:random_chance",
              "chance": 0.4
            },
            {
              "condition": "minecraft:entity_scores",
              "entity": "this",
              "scores": {
                "mt.progression": {
                  "min": 500000
                }
              }
            }
          ]
        },
        {
          "type": "minecraft:item",
          "weight": 2,
          "name": "minecraft:golden_apple",
          "functions": [
            {
              "function": "minecraft:limit_count",
              "limit": {
                "min": 2,
                "max": 4
              }
            }
          ],
          "conditions": [
            {
              "condition": "minecraft:entity_scores",
              "entity": "this",
              "scores": {
                "mt.progression": {
                  "max": 399999
                }
              }
            }
          ]
        },
        {
          "type": "item",
          "weight": 2,
          "name": "minecraft:honey_bottle",
          "functions": [
            {
              "function": "set_count",
              "count": 2
            },
            {
              "function": "minecraft:set_components",
              "components": {
                "minecraft:enchantment_glint_override": true,
                "minecraft:custom_name": "{\"text\":\"Juicy Experience Drink\",\"color\":\"gold\",\"italic\":false}",
                "minecraft:custom_data": {
                  "food": "xp_juice"
                }
              }
            },
            {
              "function": "set_lore",
              "lore": [
                {
                  "text": "This bottle gives 500 ",
                  "color": "gray",
                  "italic": false
                },
                {
                  "text": "experience when consumed. ",
                  "color": "gray",
                  "italic": false
                }
              ],
              "mode": "replace_all"
            }
          ]
        },
        {
          "type": "item",
          "weight": 1,
          "name": "minecraft:splash_potion",
          "functions": [
            {
              "function": "set_count",
              "count": {
                "min": 1,
                "max": 2
              }
            },
            {
              "function": "set_components",
              "components": {
                "minecraft:max_stack_size": 5,
                "minecraft:hide_additional_tooltip": {},
                "minecraft:potion_contents": {
                  "custom_color": 16736756,
                  "custom_effects": [
                    {
                      "id": "minecraft:unluck",
                      "amplifier": 193,
                      "duration": 9600,
                      "show_particles": true,
                      "show_icon": true,
                      "ambient": true
                    }
                  ]
                }
              }
            },
            {
              "function": "set_name",
              "name": [
                {
                  "color": "white",
                  "text": "Shrink Potion",
                  "italic": false
                }
              ]
            },
            {
              "function": "set_lore",
              "lore": [
                {
                  "color": "blue",
                  "text": "Shrink (08:00)",
                  "italic": false
                },
                {
                  "color": "gray",
                  "text": "Works on players only ",
                  "italic": false
                }
              ],
              "mode": "append"
            }
          ]
        },
        {
          "type": "minecraft:item",
          "name": "minecraft:glow_ink_sac",
          "weight": 3,
          "functions": [
            {
              "function": "minecraft:limit_count",
              "limit": {
                "min": 12,
                "max": 24
              }
            }
          ],
          "conditions": [
            {
              "condition": "minecraft:entity_scores",
              "entity": "this",
              "scores": {
                "mt.progression": {
                  "max": 399999
                }
              }
            }
          ]
        },
        {
          "type": "minecraft:item",
          "weight": 1,
          "name": "minecraft:enchanted_golden_apple",
          "functions": [
            {
              "function": "minecraft:limit_count",
              "limit": {
                "min": {
                  "min": 1,
                  "max": 3
                }
              }
            }
          ]
        },
        {
          "type": "minecraft:item",
          "weight": 3,
          "name": "minecraft:tipped_arrow",
          "functions": [
            {
              "function": "minecraft:limit_count",
              "limit": {
                "min": 4,
                "max": 8
              }
            },
            {
              "function": "minecraft:set_components",
              "components": {
                "minecraft:custom_name": "{\"text\":\"Lush Arrow\",\"color\":\"#2DD90B\",\"italic\":false}",
                "minecraft:potion_contents": {
                  "custom_color": 1441549,
                  "custom_effects": [
                    {
                      "id": "minecraft:weakness",
                      "amplifier": 1,
                      "duration": 140,
                      "show_particles": false
                    },
                    {
                      "id": "minecraft:poison",
                      "amplifier": 2,
                      "duration": 140,
                      "show_particles": false
                    }
                  ]
                }
              }
            }
          ]
        },
        {
          "type": "item",
          "weight": 2,
          "name": "minecraft:tipped_arrow",
          "functions": [
            {
              "function": "minecraft:limit_count",
              "limit": {
                "min": 1,
                "max": 2
              }
            },
            {
              "function": "minecraft:set_components",
              "components": {
                "minecraft:custom_name": "{\"text\":\"Arrow of Lusting Hunger\",\"color\":\"#998F5C\",\"italic\":false}",
                "minecraft:potion_contents": {
                  "custom_color": 5003570,
                  "custom_effects": [
                    {
                      "id": "minecraft:mining_fatigue",
                      "amplifier": 1,
                      "duration": 160,
                      "show_particles": true
                    },
                    {
                      "id": "minecraft:blindness",
                      "amplifier": 1,
                      "duration": 160,
                      "show_particles": true
                    },
                    {
                      "id": "minecraft:hunger",
                      "amplifier": 120,
                      "duration": 300,
                      "show_particles": true
                    }
                  ]
                }
              }
            }
          ]
        }
      ]
    }
  ]
}
