{
  "criteria": {
    "requirement": {
      "trigger": "minecraft:player_hurt_entity",
      "conditions": {
        "player": [
          {
            "condition": "minecraft:entity_scores",
            "entity": "this",
            "scores": {
              "mt.barbaric_axe": {
                "min": 10
              }
            }
          },
          {
            "condition": "minecraft:entity_properties",
            "entity": "this",
            "predicate": {
              "equipment": {
                "mainhand": {
                  "predicates": {
                    "minecraft:custom_data": "{weapon:\"barbaric_axe\"}"
                  }
                }
              }
            }
          },
          {
            "condition": "minecraft:random_chance",
            "chance": 0.25
          }
        ],
        "damage": {
          "type": {
            "tags": [
              {
                "id": "mt:player_attack",
                "expected": true
              }
            ]
          }
        }
      }
    }
  },
  "rewards": {
    "function": "mt:technical/hit_items/barbaric_axe"
  }
}
