{
  "criteria": {
    "requirement": {
      "trigger": "minecraft:player_hurt_entity",
      "conditions": {
        "player": [
          {
            "condition": "minecraft:entity_scores",
            "entity": "this",
            "scores": {
              "mt.nether_leggings": {
                "min": 10
              }
            }
          },
          {
            "condition": "minecraft:entity_properties",
            "entity": "this",
            "predicate": {
              "flags": {},
              "equipment": {
                "legs": {
                  "items": "minecraft:leather_leggings",
                  "predicates": {
                    "minecraft:custom_data": "{armor:\"nether_leggings\"}"
                  }
                }
              }
            }
          }
        ],
        "damage": {
          "type": {
            "tags": [
              {
                "id": "mt:player_attack",
                "expected": true
              }
            ]
          }
        },
        "entity": {
          "effects": {
            "minecraft:resistance": {}
          }
        }
      }
    }
  },
  "rewards": {
    "function": "mt:technical/hit_items/nether_leggings"
  }
}
