{
  "criteria": {
    "requirement": {
      "trigger": "minecraft:player_hurt_entity",
      "conditions": {
        "damage": {
          "type": {
            "tags": [
              {
                "id": "mt:trident",
                "expected": true
              }
            ],
            "direct_entity": {
              "type": "minecraft:trident",
              "nbt": "{item:{components:{\"minecraft:custom_data\":{weapon:\"oceanic_spear\"}}}}"
            }
          }
        }
      }
    }
  },
  "rewards": {
    "function": "mt:technical/hit_items/oceanic_spear"
  }
}
