{
  "criteria": {
    "mainhand": {
      "trigger": "minecraft:player_hurt_entity",
      "conditions": {
        "player": [
          {
            "condition": "minecraft:entity_scores",
            "entity": "this",
            "scores": {
              "mt.warped_bow": {
                "min": 10
              }
            }
          },
          {
            "condition": "minecraft:entity_properties",
            "entity": "this",
            "predicate": {
              "flags": {
                "is_sneaking": true
              },
              "equipment": {
                "mainhand": {
                  "items": [
                    "minecraft:bow"
                  ],
                  "predicates": {
                    "minecraft:custom_data": "{weapon:\"warped_bow\"}"
                  }
                }
              }
            }
          }
        ],
        "damage": {
          "type": {
            "tags": [
              {
                "id": "mt:arrow",
                "expected": true
              }
            ]
          }
        }
      }
    }
  },
  "rewards": {
    "function": "mt:technical/hit_items/warped_bow"
  }
}
