{
  "criteria": {
    "requirement": {
      "trigger": "minecraft:entity_hurt_player",
      "conditions": {
        "player": [
          {
            "condition": "minecraft:random_chance",
            "chance": 0.5
          },
          {
            "condition": "minecraft:entity_properties",
            "entity": "this",
            "predicate": {
              "equipment": {
                "head": {
                  "predicates": {
                    "minecraft:custom_data": "{armor:\"warped_helmet\"}"
                  }
                }
              }
            }
          }
        ],
        "damage": {
          "type": {
            "tags": [
              {
                "id": "mt:projectile",
                "expected": true
              }
            ]
          }
        }
      }
    }
  },
  "rewards": {
    "function": "mt:items/armor/warped_hit"
  }
}
